Workbook

Sheet State RF
A1: Claude | H1: GPT-4o | O1: Deepseek-r1 | V1: ALL
A3: OOB estimate of error rate: 27.35% | H3: OOB estimate of error rate: 21.86% | O3: OOB estimate of error rate: 28.82% | V3: OOB estimate of error rate: 25.91%
A4: Confusion matrix: | H4: Confusion matrix: | O4: Confusion matrix: | V4: Confusion matrix:
A5: 0 1 class.error | H5: 0 1 class.error | O5: 0 1 class.error | V5: 0 1 class.error
A6: 0 2600 968 0.2713004 | H6: 0 2981 828 0.2173799 | O6: 0 2238 871 0.2801544 | V6: 0 8390 2978 0.2619634
A7: 1 967 2539 0.2758129 | H7: 1 841 2986 0.2197544 | O7: 1 912 2165 0.2963926 | V7: 1 2900 8421 0.2561611
A9: Rank | B9: LIWC_Variable | C9: 0 | D9: 1 | E9: MeanDecreaseAccuracy | F9: MeanDecreaseGini | I9: LIWC_Variable | J9: 0 | K9: 1 | L9: MeanDecreaseAccuracy | M9: MeanDecreaseGini | O9: Rank | P9: LIWC_Variable | Q9: 0 | R9: 1 | S9: MeanDecreaseAccuracy | T9: MeanDecreaseGini | V9: Rank | W9: LIWC_Variable | X9: 0 | Y9: 1 | Z9: MeanDecreaseAccuracy | AA9: MeanDecreaseGini
A11: 1 | B11: assent | C11: 32.667203 | D11: 31.146214 | E11: 40.404524 | F11: 128.47384 | H11: 1 | I11: moral | J11: 16.09564 | K11: 39.775043 | L11: 42.560108 | M11: 148.62923 | O11: 1 | P11: moral | Q11: 16.09564 | R11: 39.775043 | S11: 42.560108 | T11: 148.62923 | V11: 1 | W11: negate | X11: 45.295954 | Y11: 37.500648 | Z11: 52.886381 | AA11: 483.93962
A12: 2 | B12: negate | C12: 21.05573 | D12: 27.097793 | E12: 32.742875 | F12: 121.11304 | H12: 2 | I12: negate | J12: 25.675694 | K12: 33.613884 | L12: 38.470366 | M12: 149.55089 | O12: 2 | P12: negate | Q12: 25.675694 | R12: 33.613884 | S12: 38.470366 | T12: 149.55089 | V12: 2 | W12: moral | X12: 32.903723 | Y12: 47.518702 | Z12: 52.376816 | AA12: 356.60713
A13: 3 | B13: we | C13: 23.792125 | D13: 20.870867 | E13: 31.749899 | F13: 100.5445 | H13: 3 | I13: insight | J13: 10.117555 | K13: 32.729106 | L13: 33.448917 | M13: 121.96991 | O13: 3 | P13: insight | Q13: 10.117555 | R13: 32.729106 | S13: 33.448917 | T13: 121.96991 | V13: 3 | W13: risk | X13: 39.706314 | Y13: 38.057304 | Z13: 48.236903 | AA13: 341.02192
A14: 4 | B14: risk | C14: 21.708053 | D14: 23.784444 | E14: 28.68349 | F14: 95.703902 | H14: 4 | I14: risk | J14: 26.658317 | K14: 27.182612 | L14: 32.947576 | M14: 116.2766 | O14: 4 | P14: risk | Q14: 26.658317 | R14: 27.182612 | S14: 32.947576 | T14: 116.2766 | V14: 4 | W14: assent | X14: 39.401608 | Y14: 34.452472 | Z14: 45.347681 | AA14: 265.60959
A15: 5 | B15: moral | C15: 15.321183 | D15: 20.027598 | E15: 23.183604 | F15: 74.017418 | H15: 5 | I15: adj | J15: 19.909043 | K15: 20.115162 | L15: 27.55109 | M15: 121.39542 | O15: 5 | P15: adj | Q15: 19.909043 | R15: 20.115162 | S15: 27.55109 | T15: 121.39542 | V15: 5 | W15: we | X15: 39.28864 | Y15: 33.076004 | Z15: 44.081964 | AA15: 313.11722
A16: 6 | B16: affiliation | C16: 8.852501 | D16: 17.641109 | E16: 21.219061 | F16: 85.336854 | H16: 6 | I16: cause | J16: 20.887996 | K16: 20.272273 | L16: 26.878028 | M16: 129.28142 | O16: 6 | P16: cause | Q16: 20.887996 | R16: 20.272273 | S16: 26.878028 | T16: 129.28142 | V16: 6 | W16: differ | X16: 32.74789 | Y16: 23.80377 | Z16: 38.85531 | AA16: 368.18114
A17: 7 | B17: adj | C17: 18.921008 | D17: 11.911248 | E17: 21.210044 | F17: 110.75784 | H17: 7 | I17: differ | J17: 23.365447 | K17: 14.546694 | L17: 26.311559 | M17: 120.07361 | O17: 7 | P17: differ | Q17: 23.365447 | R17: 14.546694 | S17: 26.311559 | T17: 120.07361 | V17: 7 | W17: adj | X17: 28.292803 | Y17: 26.144548 | Z17: 35.619082 | AA17: 358.62962
A18: 8 | B18: Clout | C18: 11.028873 | D18: 16.812598 | E18: 20.26968 | F18: 89.763372 | H18: 8 | I18: assent | J18: 18.14412 | K18: 23.742133 | L18: 26.090863 | M18: 77.194716 | O18: 8 | P18: assent | Q18: 18.14412 | R18: 23.742133 | S18: 26.090863 | T18: 77.194716 | V18: 8 | W18: affiliation | X18: 3.554408 | Y18: 33.260038 | Z18: 33.859073 | AA18: 253.77492
A19: 9 | B19: power | C19: 14.930312 | D19: 13.066653 | E19: 19.567703 | F19: 88.59832 | H19: 9 | I19: Clout | J19: 10.988572 | K19: 23.343181 | L19: 25.0837 | M19: 105.56674 | O19: 9 | P19: Clout | Q19: 10.988572 | R19: 23.343181 | S19: 25.0837 | T19: 105.56674 | V19: 9 | W19: Clout | X19: 20.804901 | Y19: 21.452557 | Z19: 30.484078 | AA19: 290.41788
A20: 10 | B20: tone_pos | C20: 9.7884964 | D20: 16.346107 | E20: 18.981453 | F20: 88.132555 | H20: 10 | I20: tone_pos | J20: 7.907367 | K20: 18.910708 | L20: 24.006274 | M20: 82.794549 | O20: 10 | P20: tone_pos | Q20: 7.907367 | R20: 18.910708 | S20: 24.006274 | T20: 82.794549 | V20: 10 | W20: Tone | X20: 23.225961 | Y20: 19.410088 | Z20: 30.322167 | AA20: 266.34236
A21: 11 | B21: Tone | C21: 11.221161 | D21: 14.049368 | E21: 18.49341 | F21: 87.988751 | H21: 11 | I21: affiliation | J21: 4.967523 | K21: 23.055603 | L21: 23.573993 | M21: 77.259355 | O21: 11 | P21: affiliation | Q21: 4.967523 | R21: 23.055603 | S21: 23.573993 | T21: 77.259355 | V21: 11 | W21: insight | X21: 17.638498 | Y21: 27.892237 | Z21: 30.305869 | AA21: 291.17328
A22: 12 | B22: cause | C22: 13.80804 | D22: 11.243249 | E22: 17.726837 | F22: 96.64823 | H22: 12 | I22: quantity | J22: 16.765102 | K22: 18.106515 | L22: 23.213898 | M22: 107.28115 | O22: 12 | P22: quantity | Q22: 16.765102 | R22: 18.106515 | S22: 23.213898 | T22: 107.28115 | V22: 12 | W22: tentat | X22: 20.685555 | Y22: 26.281015 | Z22: 29.877393 | AA22: 302.14828
... A71: 61 | B71: swear | C71: -0.5881032 | D71: 0.9830698 | E71: 0.3585934 | F71: 0.29556051 | H71: 61 | I71: filler | J71: 0 | K71: 0 | L71: 0 | M71: 0 | O71: 61 | P71: filler | Q71: 0 | R71: 0 | S71: 0 | T71: 0 | V71: 61 | W71: filler | X71: 0 | Y71: 0 | Z71: 0 | AA71: 0.09397926
A72: 62 | B72: filler | C72: 0 | D72: 0 | E72: 0 | F72: 0.03783358 | H72: 62 | I72: swear | J72: -1.417049 | K72: 1.001002 | L72: -0.5710774 | M72: 0.1149475 | O72: 62 | P72: swear | Q72: -1.417049 | R72: 1.001002 | S72: -0.5710774 | T72: 0.1149475 | V72: Showing 1 to 15 of 61 entries, 5 total columns
A73: Showing 1 to 21 of 62 entries, 5 total columns | H73: Showing 1 to 21 of 62 entries, 5 total columns | O73: Showing 1 to 21 of 62 entries, 5 total columns

Sheet State GLM
A1: ROUND 1 - TOP 20 VARIABLES MINUS HIGHLY CORRELATED ONES
A2: Claude | I2: GPT-4o | Q2: Deepseek-r1
A3: Correlations | B3: Tone, tone_neg, tone_pos | I3: Correlations | J3: Tone, tone_pos | O3: ` | Q3: Correlations | AA3: Claude | AC3: GPT-4o | AE3: DeepSeek-R1 | AG3: Overall
A4: AUC | B4: 0.7176 | I4: AUC | J4: 0.7083 | Q4: AUC | R4: 0.6903 | AA4: Std Coefficient | AB4: Rank | AC4: Std Coefficient | AD4: Rank | AE4: Std Coefficient | AF4: Rank | AG4: Rank
Y5: Common Variables Across Models | Z5: we | AA5: =IFERROR(VLOOKUP($Z5,$B$8:$C$28,2,FALSE),NA()) -> 0.35914908 | AB5: =IFERROR(MATCH($Z5,$B$9:$B$28,0),NA()) -> 2 | AC5: =IFERROR(VLOOKUP($Z5,$J$8:$K$28,2,FALSE),NA()) -> 0.24838455 | AD5: =IFERROR(MATCH($Z5,$J$9:$J$28,0),NA()) -> 6 | AE5: =IFERROR(VLOOKUP($Z5,$R$8:$S$28,2,FALSE),NA()) -> 0.33452618 | AF5: =IFERROR(MATCH($Z5,$R$9:$R$28,0),NA()) -> 1 | AG5: =AVERAGE(AF5,AD5,AB5) -> 3
A6: Rank | B6: Parameter | C6: Std_Coefficient | D6: CI | E6: CI_low | F6: CI_high | G6: abs_coef | I6: Rank | J6: Parameter | K6: Std_Coefficient | L6: CI | M6: CI_low | N6: CI_high | O6: abs_coef | Q6: Rank | R6: Parameter | S6: Std_Coefficient | T6: CI | U6: CI_low | V6: CI_high | W6: abs_coef | Z6: assent | AA6: =IFERROR(VLOOKUP($Z6,$B$8:$C$28,2,FALSE),NA()) -> -0.50740323 | AB6: =IFERROR(MATCH($Z6,$B$9:$B$28,0),NA()) -> 1 | AC6: =IFERROR(VLOOKUP($Z6,$J$8:$K$28,2,FALSE),NA()) -> -0.35695858 | AD6: =IFERROR(MATCH($Z6,$J$9:$J$28,0),NA()) -> 1 | AE6: =IFERROR(VLOOKUP($Z6,$R$8:$S$28,2,FALSE),NA()) -> -0.16268429 | AF6: =IFERROR(MATCH($Z6,$R$9:$R$28,0),NA()) -> 8 | AG6: =AVERAGE(AF6,AD6,AB6) -> 3.3333333
Z7: negate | AA7: =IFERROR(VLOOKUP($Z7,$B$8:$C$28,2,FALSE),NA()) -> 0.23510961 | AB7: =IFERROR(MATCH($Z7,$B$9:$B$28,0),NA()) -> 5 | AC7: =IFERROR(VLOOKUP($Z7,$J$8:$K$28,2,FALSE),NA()) -> 0.25782954 | AD7: =IFERROR(MATCH($Z7,$J$9:$J$28,0),NA()) -> 5 | AE7: =IFERROR(VLOOKUP($Z7,$R$8:$S$28,2,FALSE),NA()) -> 0.1851472 | AF7: =IFERROR(MATCH($Z7,$R$9:$R$28,0),NA()) -> 5 | AG7: =AVERAGE(AF7,AD7,AB7) -> 5
A8: 1 | B8: (Intercept) | C8: 0.98126401 | D8: 0.95 | E8: 0.93772961 | F8: 1.0251716 | G8: 0.98126401 | I8: 1 | J8: (Intercept) | K8: 0.50880905 | L8: 0.95 | M8: 0.46937034 | N8: 0.54841359 | O8: 0.50880905 | Q8: 1 | R8: (Intercept) | S8: 1.2046776 | T8: 0.95 | U8: 1.1593864 | V8: 1.2504603 | W8: 1.2046776 | Z8: Tone | AA8: =IFERROR(VLOOKUP($Z8,$B$8:$C$28,2,FALSE),NA()) -> -0.24086748 | AB8: =IFERROR(MATCH($Z8,$B$9:$B$28,0),NA()) -> 4 | AC8: =IFERROR(VLOOKUP($Z8,$J$8:$K$28,2,FALSE),NA()) -> 0.28974849 | AD8: =IFERROR(MATCH($Z8,$J$9:$J$28,0),NA()) -> 3 | AE8: =IFERROR(VLOOKUP($Z8,$R$8:$S$28,2,FALSE),NA()) -> 0.13072843 | AF8: =IFERROR(MATCH($Z8,$R$9:$R$28,0),NA()) -> 10 | AG8: =AVERAGE(AF8,AD8,AB8) -> 5.6666667
A9: 2 | B9: assent | C9: -0.50740323 | D9: 0.95 | E9: -0.55126144 | F9: -0.46399141 | G9: 0.50740323 | I9: 2 | J9: assent | K9: -0.35695858 | L9: 0.95 | M9: -0.39676892 | N9: -0.3173945 | O9: 0.35695858 | Q9: 2 | R9: we | S9: 0.33452618 | T9: 0.95 | U9: 0.27082945 | V9: 0.39959931 | W9: 0.33452618 | Z9: adj | AA9: =IFERROR(VLOOKUP($Z9,$B$8:$C$28,2,FALSE),NA()) -> -0.21287331 | AB9: =IFERROR(MATCH($Z9,$B$9:$B$28,0),NA()) -> 7 | AC9: =IFERROR(VLOOKUP($Z9,$J$8:$K$28,2,FALSE),NA()) -> -0.16214955 | AD9: =IFERROR(MATCH($Z9,$J$9:$J$28,0),NA()) -> 8 | AE9: =IFERROR(VLOOKUP($Z9,$R$8:$S$28,2,FALSE),NA()) -> -0.21250964 | AF9: =IFERROR(MATCH($Z9,$R$9:$R$28,0),NA()) -> 3 | AG9: =AVERAGE(AF9,AD9,AB9) -> 6
A10: 3 | B10: we | C10: 0.35914908 | D10: 0.95 | E10: 0.29415367 | F10: 0.42496722 | G10: 0.35914908 | I10: 3 | J10: cause | K10: 0.33276253 | L10: 0.95 | M10: 0.28844081 | N10: 0.37738786 | O10: 0.33276253 | Q10: 3 | R10: moral | S10: 0.30856134 | T10: 0.95 | U10: 0.24857526 | V10: 0.36952006 | W10: 0.30856134 | Z10: moral | AA10: =IFERROR(VLOOKUP($Z10,$B$8:$C$28,2,FALSE),NA()) -> 0.10767296 | AB10: =IFERROR(MATCH($Z10,$B$9:$B$28,0),NA()) -> 13 | AC10: =IFERROR(VLOOKUP($Z10,$J$8:$K$28,2,FALSE),NA()) -> 0.16765866 | AD10: =IFERROR(MATCH($Z10,$J$9:$J$28,0),NA()) -> 7 | AE10: =IFERROR(VLOOKUP($Z10,$R$8:$S$28,2,FALSE),NA()) -> 0.30856134 | AF10: =IFERROR(MATCH($Z10,$R$9:$R$28,0),NA()) -> 2 | AG10: =AVERAGE(AF10,AD10,AB10) -> 7.3333333
A11: 4 | B11: you | C11: -0.27315663 | D11: 0.95 | E11: -0.33654639 | F11: -0.20998332 | G11: 0.27315663 | I11: 4 | J11: Tone | K11: 0.28974849 | L11: 0.95 | M11: 0.15138635 | N11: 0.42849586 | O11: 0.28974849 | Q11: 4 | R11: adj | S11: -0.21250964 | T11: 0.95 | U11: -0.25778465 | V11: -0.16731267 | W11: 0.21250964 | Z11: Clout | AA11: =IFERROR(VLOOKUP($Z11,$B$8:$C$28,2,FALSE),NA()) -> 0.0893056 | AB11: =IFERROR(MATCH($Z11,$B$9:$B$28,0),NA()) -> 14 | AC11: =IFERROR(VLOOKUP($Z11,$J$8:$K$28,2,FALSE),NA()) -> -0.2680447 | AD11: =IFERROR(MATCH($Z11,$J$9:$J$28,0),NA()) -> 4 | AE11: =IFERROR(VLOOKUP($Z11,$R$8:$S$28,2,FALSE),NA()) -> -0.18020407 | AF11: =IFERROR(MATCH($Z11,$R$9:$R$28,0),NA()) -> 6 | AG11: =AVERAGE(AF11,AD11,AB11) -> 8
A12: 5 | B12: Tone | C12: -0.24086748 | D12: 0.95 | E12: -0.40315442 | F12: -0.07943336 | G12: 0.24086748 | I12: 5 | J12: Clout | K12: -0.2680447 | L12: 0.95 | M12: -0.3278088 | N12: -0.20835588 | O12: 0.2680447 | Q12: 5 | R12: insight | S12: 0.20976486 | T12: 0.95 | U12: 0.15677967 | V12: 0.26324196 | W12: 0.20976486 | Z12: risk | AA12: =IFERROR(VLOOKUP($Z12,$B$8:$C$28,2,FALSE),NA()) -> -0.1825369 | AB12: =IFERROR(MATCH($Z12,$B$9:$B$28,0),NA()) -> 8 | AC12: =IFERROR(VLOOKUP($Z12,$J$8:$K$28,2,FALSE),NA()) -> -0.15142174 | AD12: =IFERROR(MATCH($Z12,$J$9:$J$28,0),NA()) -> 9 | AE12: =IFERROR(VLOOKUP($Z12,$R$8:$S$28,2,FALSE),NA()) -> -0.15817969 | AF12: =IFERROR(MATCH($Z12,$R$9:$R$28,0),NA()) -> 9 | AG12: =AVERAGE(AF12,AD12,AB12) -> 8.6666667
A13: 6 | B13: negate | C13: 0.23510961 | D13: 0.95 | E13: 0.18593418 | F13: 0.28463036 | G13: 0.23510961 | I13: 6 | J13: negate | K13: 0.25782954 | L13: 0.95 | M13: 0.20635263 | N13: 0.30970055 | O13: 0.25782954 | Q13: 6 | R13: negate | S13: 0.1851472 | T13: 0.95 | U13: 0.13017017 | V13: 0.24037163 | W13: 0.1851472 | Y13: Model Specific Variables | Z13: tone_neg* | AA13: =IFERROR(VLOOKUP($Z13,$B$8:$C$28,2,FALSE),NA()) -> -0.17848925 | AB13: =IFERROR(MATCH($Z13,$B$9:$B$28,0),NA()) -> 9 | AC13: =IFERROR(VLOOKUP($Z13,$J$8:$K$28,2,FALSE),NA()) -> -0.090600478 | AD13: =IFERROR(MATCH($Z13,$J$9:$J$28,0),NA()) -> 15 | AE13: =IFERROR(VLOOKUP($Z13,$R$8:$S$28,2,FALSE),NA()) -> -0.081345928 | AF13: =IFERROR(MATCH($Z13,$R$9:$R$28,0),NA()) -> 13 | AG13: =AVERAGE(AF13,AD13,AB13) -> 12.333333
A14: 7 | B14: tone_pos | C14: 0.22888273 | D14: 0.95 | E14: 0.08932636 | F14: 0.36966827 | G14: 0.22888273 | I14: 7 | J14: we | K14: 0.24838455 | L14: 0.95 | M14: 0.19942763 | N14: 0.29871727 | O14: 0.24838455 | Q14: 7 | R14: Clout | S14: -0.18020407 | T14: 0.95 | U14: -0.24074391 | V14: -0.11954116 | W14: 0.18020407 | Z14: differ | AA14: =IFERROR(VLOOKUP($Z14,$B$8:$C$28,2,FALSE),NA()) -> 0.14187859 | AB14: =IFERROR(MATCH($Z14,$B$9:$B$28,0),NA()) -> 10 | AC14: =IFERROR(VLOOKUP($Z14,$J$8:$K$28,2,FALSE),NA()) -> -0.14232761 | AD14: =IFERROR(MATCH($Z14,$J$9:$J$28,0),NA()) -> 10 | AE14: =IFERROR(VLOOKUP($Z14,$R$8:$S$28,2,FALSE),NA()) -> 0.022513669 | AF14: =IFERROR(MATCH($Z14,$R$9:$R$28,0),NA()) -> 19 | AG14: =AVERAGE(AF14,AD14,AB14) -> 13
A15: 8 | B15: adj | C15: -0.21287331 | D15: 0.95 | E15: -0.25871729 | F15: -0.16712995 | G15: 0.21287331 | I15: 8 | J15: moral | K15: 0.16765866 | L15: 0.95 | M15: 0.12102878 | N15: 0.2147788 | O15: 0.16765866 | Q15: 8 | R15: quantity | S15: 0.1681268 | T15: 0.95 | U15: 0.11730925 | V15: 0.2195894 | W15: 0.1681268 | Z15: affiliation | AA15: =IFERROR(VLOOKUP($Z15,$B$8:$C$28,2,FALSE),NA()) -> -0.0389662 | AB15: =IFERROR(MATCH($Z15,$B$9:$B$28,0),NA()) -> 18 | AC15: =IFERROR(VLOOKUP($Z15,$J$8:$K$28,2,FALSE),NA()) -> -0.1071933 | AD15: =IFERROR(MATCH($Z15,$J$9:$J$28,0),NA()) -> 13 | AE15: =IFERROR(VLOOKUP($Z15,$R$8:$S$28,2,FALSE),NA()) -> -0.10372342 | AF15: =IFERROR(MATCH($Z15,$R$9:$R$28,0),NA()) -> 12 | AG15: =AVERAGE(AF15,AD15,AB15) -> 14.333333
A16: 9 | B16: risk | C16: -0.1825369 | D16: 0.95 | E16: -0.22672357 | F16: -0.1384384 | G16: 0.1825369 | I16: 9 | J16: adj | K16: -0.16214955 | L16: 0.95 | M16: -0.20541219 | N16: -0.11897229 | O16: 0.16214955 | Q16: 9 | R16: assent | S16: -0.16268429 | T16: 0.95 | U16: -0.20472521 | V16: -0.12050798 | W16: 0.16268429 | Z16: prosocial | AA16: =IFERROR(VLOOKUP($Z16,$B$8:$C$28,2,FALSE),NA()) -> 0.12894532 | AB16: =IFERROR(MATCH($Z16,$B$9:$B$28,0),NA()) -> 12 | AC16: =IFERROR(VLOOKUP($Z16,$J$8:$K$28,2,FALSE),NA()) -> 0.0111523 | AD16: =IFERROR(MATCH($Z16,$J$9:$J$28,0),NA()) -> 19 | AE16: =IFERROR(VLOOKUP($Z16,$R$8:$S$28,2,FALSE),NA()) -> 0.069417091 | AF16: =IFERROR(MATCH($Z16,$R$9:$R$28,0),NA()) -> 14 | AG16: =AVERAGE(AF16,AD16,AB16) -> 15
A17: 10 | B17: tone_neg | C17: -0.17848925 | D17: 0.95 | E17: -0.27372775 | F17: -0.083489265 | G17: 0.17848925 | I17: 10 | J17: risk | K17: -0.15142174 | L17: 0.95 | M17: -0.19449301 | N17: -0.10860033 | O17: 0.15142174 | Q17: 10 | R17: risk | S17: -0.15817969 | T17: 0.95 | U17: -0.20421853 | V17: -0.11213647 | W17: 0.15817969 | Z17: power | AA17: =IFERROR(VLOOKUP($Z17,$B$8:$C$28,2,FALSE),NA()) -> -0.01538221 | AB17: =IFERROR(MATCH($Z17,$B$9:$B$28,0),NA()) -> 19 | AC17: =IFERROR(VLOOKUP($Z17,$J$8:$K$28,2,FALSE),NA()) -> 0.041216283 | AD17: =IFERROR(MATCH($Z17,$J$9:$J$28,0),NA()) -> 17 | AE17: =IFERROR(VLOOKUP($Z17,$R$8:$S$28,2,FALSE),NA()) -> 0.030318544 | AF17: =IFERROR(MATCH($Z17,$R$9:$R$28,0),NA()) -> 17 | AG17: =AVERAGE(AF17,AD17,AB17) -> 17.666667
A18: 11 | B18: differ | C18: 0.14187859 | D18: 0.95 | E18: 0.08416136 | F18: 0.19982405 | G18: 0.14187859 | I18: 11 | J18: differ | K18: -0.14232761 | L18: 0.95 | M18: -0.19536914 | N18: -0.08934931 | O18: 0.14232761 | Q18: 11 | R18: Tone | S18: 0.13072843 | T18: 0.95 | U18: 0.062103925 | V18: 0.19984763 | W18: 0.13072843 | Z18: you | AA18: =IFERROR(VLOOKUP($Z18,$B$8:$C$28,2,FALSE),NA()) -> -0.27315663 | AB18: =IFERROR(MATCH($Z18,$B$9:$B$28,0),NA()) -> 3 | AC18: =IFERROR(VLOOKUP($Z18,$J$8:$K$28,2,FALSE),NA()) -> #N/A | AD18: =IFERROR(MATCH($Z18,$J$9:$J$28,0),NA()) -> #N/A | AE18: =IFERROR(VLOOKUP($Z18,$R$8:$S$28,2,FALSE),NA()) -> #N/A | AF18: =IFERROR(MATCH($Z18,$R$9:$R$28,0),NA()) -> #N/A | AG18: =AVERAGE(AF18,AD18,AB18) -> #N/A
A19: 12 | B19: cause | C19: 0.1316208 | D19: 0.95 | E19: 0.08681892 | F19: 0.17668016 | G19: 0.1316208 | I19: 12 | J19: tone_pos | K19: -0.13779336 | L19: 0.95 | M19: -0.260723 | N19: -0.01515905 | O19: 0.13779336 | Q19: 12 | R19: allure | S19: -0.11643369 | T19: 0.95 | U19: -0.16249986 | V19: -0.07028193 | W19: 0.11643369 | Z19: tone_pos | AA19: =IFERROR(VLOOKUP($Z19,$B$8:$C$28,2,FALSE),NA()) -> 0.22888273 | AB19: =IFERROR(MATCH($Z19,$B$9:$B$28,0),NA()) -> 6 | AC19: =IFERROR(VLOOKUP($Z19,$J$8:$K$28,2,FALSE),NA()) -> -0.13779336 | AD19: =IFERROR(MATCH($Z19,$J$9:$J$28,0),NA()) -> 11 | AE19: =IFERROR(VLOOKUP($Z19,$R$8:$S$28,2,FALSE),NA()) -> #N/A | AF19: =IFERROR(MATCH($Z19,$R$9:$R$28,0),NA()) -> #N/A | AG19: =AVERAGE(AF19,AD19,AB19) -> #N/A
A20: 13 | B20: prosocial | C20: 0.12894532 | D20: 0.95 | E20: 0.07356252 | F20: 0.18482953 | G20: 0.12894532 | I20: 13 | J20: Authentic | K20: -0.12089198 | L20: 0.95 | M20: -0.17629703 | N20: -0.06545284 | O20: 0.12089198 | Q20: 13 | R20: affiliation | S20: -0.10372342 | T20: 0.95 | U20: -0.17445429 | V20: -0.03260882 | W20: 0.10372342 | Z20: cause | AA20: =IFERROR(VLOOKUP($Z20,$B$8:$C$28,2,FALSE),NA()) -> 0.1316208 | AB20: =IFERROR(MATCH($Z20,$B$9:$B$28,0),NA()) -> 11 | AC20: =IFERROR(VLOOKUP($Z20,$J$8:$K$28,2,FALSE),NA()) -> 0.33276253 | AD20: =IFERROR(MATCH($Z20,$J$9:$J$28,0),NA()) -> 2 | AE20: =IFERROR(VLOOKUP($Z20,$R$8:$S$28,2,FALSE),NA()) -> #N/A | AF20: =IFERROR(MATCH($Z20,$R$9:$R$28,0),NA()) -> #N/A | AG20: =AVERAGE(AF20,AD20,AB20) -> #N/A
A21: 14 | B21: moral | C21: 0.10767296 | D21: 0.95 | E21: 0.05900179 | F21: 0.15706503 | G21: 0.10767296 | I21: 14 | J21: affiliation | K21: -0.1071933 | L21: 0.95 | M21: -0.17325584 | N21: -0.04126131 | O21: 0.1071933 | Q21: 14 | R21: tone_neg | S21: -0.081345928 | T21: 0.95 | U21: -0.14440695 | V21: -0.01802884 | W21: 0.081345928 | Z21: ipron | AA21: =IFERROR(VLOOKUP($Z21,$B$8:$C$28,2,FALSE),NA()) -> -0.07770866 | AB21: =IFERROR(MATCH($Z21,$B$9:$B$28,0),NA()) -> 15 | AC21: =IFERROR(VLOOKUP($Z21,$J$8:$K$28,2,FALSE),NA()) -> #N/A | AD21: =IFERROR(MATCH($Z21,$J$9:$J$28,0),NA()) -> #N/A | AE21: =IFERROR(VLOOKUP($Z21,$R$8:$S$28,2,FALSE),NA()) -> 0.062212595 | AF21: =IFERROR(MATCH($Z21,$R$9:$R$28,0),NA()) -> 15 | AG21: =AVERAGE(AF21,AD21,AB21) -> #N/A
A22: 15 | B22: Clout | C22: 0.0893056 | D22: 0.95 | E22: 0.01339805 | F22: 0.1654879 | G22: 0.0893056 | I22: 15 | J22: quantity | K22: 0.1008328 | L22: 0.95 | M22: 0.055523224 | N22: 0.14654283 | O22: 0.1008328 | Q22: 15 | R22: prosocial | S22: 0.069417091 | T22: 0.95 | U22: 0.00342663 | V22: 0.13586949 | W22: 0.069417091 | Z22: comm | AA22: =IFERROR(VLOOKUP($Z22,$B$8:$C$28,2,FALSE),NA()) -> -0.04919621 | AB22: =IFERROR(MATCH($Z22,$B$9:$B$28,0),NA()) -> 16 | AC22: =IFERROR(VLOOKUP($Z22,$J$8:$K$28,2,FALSE),NA()) -> #N/A | AD22: =IFERROR(MATCH($Z22,$J$9:$J$28,0),NA()) -> #N/A | AE22: =IFERROR(VLOOKUP($Z22,$R$8:$S$28,2,FALSE),NA()) -> #N/A | AF22: =IFERROR(MATCH($Z22,$R$9:$R$28,0),NA()) -> #N/A | AG22: =AVERAGE(AF22,AD22,AB22) -> #N/A
A23: 16 | B23: ipron | C23: -0.07770866 | D23: 0.95 | E23: -0.12253855 | F23: -0.032862939 | G23: 0.07770866 | I23: 16 | J23: tone_neg | K23: -0.090600478 | L23: 0.95 | M23: -0.16594807 | N23: -0.01529853 | O23: 0.090600478 | Q23: 16 | R23: ipron | S23: 0.062212595 | T23: 0.95 | U23: 0.011691565 | V23: 0.11293836 | W23: 0.062212595 | Z23: tentat | AA23: =IFERROR(VLOOKUP($Z23,$B$8:$C$28,2,FALSE),NA()) -> -0.03990873 | AB23: =IFERROR(MATCH($Z23,$B$9:$B$28,0),NA()) -> 17 | AC23: =IFERROR(VLOOKUP($Z23,$J$8:$K$28,2,FALSE),NA()) -> #N/A | AD23: =IFERROR(MATCH($Z23,$J$9:$J$28,0),NA()) -> #N/A | AE23: =IFERROR(VLOOKUP($Z23,$R$8:$S$28,2,FALSE),NA()) -> #N/A | AF23: =IFERROR(MATCH($Z23,$R$9:$R$28,0),NA()) -> #N/A | AG23: =AVERAGE(AF23,AD23,AB23) -> #N/A
A24: 17 | B24: comm | C24: -0.04919621 | D24: 0.95 | E24: -0.09345152 | F24: -0.004756028 | G24: 0.04919621 | I24: 17 | J24: discrep | K24: -0.04557006 | L24: 0.95 | M24: -0.094127673 | N24: 0.00298326 | O24: 0.04557006 | Q24: 17 | R24: LSM | S24: 0.043409403 | T24: 0.95 | U24: -0.003003277 | V24: 0.08983444 | W24: 0.043409403 | Z24: LSM | AA24: =IFERROR(VLOOKUP($Z24,$B$8:$C$28,2,FALSE),NA()) -> -0.01142801 | AB24: =IFERROR(MATCH($Z24,$B$9:$B$28,0),NA()) -> 20 | AC24: =IFERROR(VLOOKUP($Z24,$J$8:$K$28,2,FALSE),NA()) -> #N/A | AD24: =IFERROR(MATCH($Z24,$J$9:$J$28,0),NA()) -> #N/A | AE24: =IFERROR(VLOOKUP($Z24,$R$8:$S$28,2,FALSE),NA()) -> 0.043409403 | AF24: =IFERROR(MATCH($Z24,$R$9:$R$28,0),NA()) -> 16 | AG24: =AVERAGE(AF24,AD24,AB24) -> #N/A
A25: 18 | B25: tentat | C25: -0.03990873 | D25: 0.95 | E25: -0.08908286 | F25: 0.00937087 | G25: 0.03990873 | I25: 18 | J25: power | K25: 0.041216283 | L25: 0.95 | M25: -0.001302141 | N25: 0.08388973 | O25: 0.041216283 | Q25: 18 | R25: power | S25: 0.030318544 | T25: 0.95 | U25: -0.018124037 | V25: 0.07909892 | W25: 0.030318544 | Z25: Authentic | AA25: =IFERROR(VLOOKUP($Z25,$B$8:$C$28,2,FALSE),NA()) -> #N/A | AB25: =IFERROR(MATCH($Z25,$B$9:$B$28,0),NA()) -> #N/A | AC25: =IFERROR(VLOOKUP($Z25,$J$8:$K$28,2,FALSE),NA()) -> -0.12089198 | AD25: =IFERROR(MATCH($Z25,$J$9:$J$28,0),NA()) -> 12 | AE25: =IFERROR(VLOOKUP($Z25,$R$8:$S$28,2,FALSE),NA()) -> #N/A | AF25: =IFERROR(MATCH($Z25,$R$9:$R$28,0),NA()) -> #N/A | AG25: =AVERAGE(AF25,AD25,AB25) -> #N/A
... A28: 21 | B28: LSM | C28: -0.01142801 | D28: 0.95 | E28: -0.05861477 | F28: 0.035759235 | G28: 0.01142801 | I28: 21 | J28: they | K28: -0.008754096 | L28: 0.95 | M28: -0.050249237 | N28: 0.03283374 | O28: 0.008754096 | Q28: 21 | R28: reward | S28: 0.009644054 | T28: 0.95 | U28: -0.038024402 | V28: 0.05841393 | W28: 0.009644054 | Z28: insight | AA28: =IFERROR(VLOOKUP($Z28,$B$8:$C$28,2,FALSE),NA()) -> #N/A | AB28: =IFERROR(MATCH($Z28,$B$9:$B$28,0),NA()) -> #N/A | AC28: =IFERROR(VLOOKUP($Z28,$J$8:$K$28,2,FALSE),NA()) -> -0.031574429 | AD28: =IFERROR(MATCH($Z28,$J$9:$J$28,0),NA()) -> 18 | AE28: =IFERROR(VLOOKUP($Z28,$R$8:$S$28,2,FALSE),NA()) -> 0.20976486 | AF28: =IFERROR(MATCH($Z28,$R$9:$R$28,0),NA()) -> 4 | AG28: =AVERAGE(AF28,AD28,AB28) -> #N/A
A29: Showing 1 to 21 of 21 entries, 6 total columns | I29: Showing 1 to 21 of 21 entries, 6 total columns | Q29: Showing 1 to 21 of 21 entries, 6 total columns | Z29: they | AA29: =IFERROR(VLOOKUP($Z29,$B$8:$C$28,2,FALSE),NA()) -> #N/A | AB29: =IFERROR(MATCH($Z29,$B$9:$B$28,0),NA()) -> #N/A | AC29: =IFERROR(VLOOKUP($Z29,$J$8:$K$28,2,FALSE),NA()) -> -0.008754096 | AD29: =IFERROR(MATCH($Z29,$J$9:$J$28,0),NA()) -> 20 | AE29: =IFERROR(VLOOKUP($Z29,$R$8:$S$28,2,FALSE),NA()) -> 0.028875996 | AF29: =IFERROR(MATCH($Z29,$R$9:$R$28,0),NA()) -> 18 | AG29: =AVERAGE(AF29,AD29,AB29) -> #N/A
Z30: allure | AA30: =IFERROR(VLOOKUP($Z30,$B$8:$C$28,2,FALSE),NA()) -> #N/A | AB30: =IFERROR(MATCH($Z30,$B$9:$B$28,0),NA()) -> #N/A | AC30: =IFERROR(VLOOKUP($Z30,$J$8:$K$28,2,FALSE),NA()) -> #N/A | AD30: =IFERROR(MATCH($Z30,$J$9:$J$28,0),NA()) -> #N/A | AE30: =IFERROR(VLOOKUP($Z30,$R$8:$S$28,2,FALSE),NA()) -> -0.11643369 | AF30: =IFERROR(MATCH($Z30,$R$9:$R$28,0),NA()) -> 11 | AG30: =AVERAGE(AF30,AD30,AB30) -> #N/A
Z31: reward | AA31: =IFERROR(VLOOKUP($Z31,$B$8:$C$28,2,FALSE),NA()) -> #N/A | AB31: =IFERROR(MATCH($Z31,$B$9:$B$28,0),NA()) -> #N/A | AC31: =IFERROR(VLOOKUP($Z31,$J$8:$K$28,2,FALSE),NA()) -> #N/A | AD31: =IFERROR(MATCH($Z31,$J$9:$J$28,0),NA()) -> #N/A | AE31: =IFERROR(VLOOKUP($Z31,$R$8:$S$28,2,FALSE),NA()) -> 0.009644054 | AF31: =IFERROR(MATCH($Z31,$R$9:$R$28,0),NA()) -> 20 | AG31: =AVERAGE(AF31,AD31,AB31) -> #N/A
A34: ROUND 2 - OVERLAPPING VARIABLES FROM ROUND 1, minus tone_neg
A35: Claude | I35: GPT-4o | Q35: Deepseek-r1
A36: AUC | B36: 0.7016 | C36: =B36-B4 -> -0.016 | I36: AUC | J36: 0.6741 | K36: =J36-J4 -> -0.0342 | Q36: AUC | R36: 0.6807 | S36: =R36-R4 -> -0.0096 | AA36: RANK | AF36: Std Coefficient
AA37: claude | AB37: GPT-4o | AC37: Deepseek-r1 | AD37: avg | AE37: avg rank | AF37: claude | AG37: GPT-4o
A38: Rank | B38: Parameter | C38: Std_Coefficient | D38: CI | E38: CI_low | F38: CI_high | G38: abs_coef | I38: Rank | J38: Parameter | K38: Std_Coefficient | L38: CI | M38: CI_low | N38: CI_high | O38: abs_coef | Q38: Rank | R38: Parameter | S38: Std_Coefficient | T38: CI | U38: CI_low | V38: CI_high | W38: abs_coef | Z38: assent | AA38: =MATCH($Z38,B$41:B$48,0) -> 1 | AB38: =MATCH($Z38,J$41:J$48,0) -> 1 | AC38: =MATCH($Z38,R$41:R$48,0) -> 7 | AD38: =AVERAGE(AA38:AC38) -> 3 | AE38: 2 | AF38: =VLOOKUP($Z38,$B$41:$C$48,2,FALSE) -> -0.54112154 | AG38: =VLOOKUP($Z38,$J$41:$K$48,2,FALSE) -> -0.3595732
Z39: we | AA39: =MATCH($Z39,B$41:B$48,0) -> 2 | AB39: =MATCH($Z39,J$41:J$48,0) -> 3 | AC39: =MATCH($Z39,R$41:R$48,0) -> 2 | AD39: =AVERAGE(AA39:AC39) -> 2.3333333 | AE39: 1 | AF39: =VLOOKUP($Z39,$B$41:$C$48,2,FALSE) -> 0.42296835 | AG39: =VLOOKUP($Z39,$J$41:$K$48,2,FALSE) -> 0.2390381
A40: 1 | B40: (Intercept) | C40: 0.96640797 | D40: 0.95 | E40: 0.92374469 | F40: 1.0094178 | G40: 0.96640797 | I40: 1 | J40: (Intercept) | K40: 0.4899303 | L40: 0.95 | M40: 0.45136598 | N40: 0.5286397 | O40: 0.4899303 | Q40: 1 | R40: (Intercept) | S40: 1.1855099 | T40: 0.95 | U40: 1.1411045 | V40: 1.2303767 | W40: 1.1855099 | Z40: negate | AA40: =MATCH($Z40,B$41:B$48,0) -> 3 | AB40: =MATCH($Z40,J$41:J$48,0) -> 5 | AC40: =MATCH($Z40,R$41:R$48,0) -> 3 | AD40: =AVERAGE(AA40:AC40) -> 3.6666667 | AE40: 3 | AF40: =VLOOKUP($Z40,$B$41:$C$48,2,FALSE) -> 0.18532498 | AG40: =VLOOKUP($Z40,$J$41:$K$48,2,FALSE) -> 0.1949558
A41: 2 | B41: assent | C41: -0.54112154 | D41: 0.95 | E41: -0.58311834 | F41: -0.49958619 | G41: 0.54112154 | I41: 2 | J41: assent | K41: -0.3595732 | L41: 0.95 | M41: -0.39846106 | N41: -0.3209505 | O41: 0.3595732 | Q41: 2 | R41: moral | S41: 0.3511449 | T41: 0.95 | U41: 0.2986697 | V41: 0.4045709 | W41: 0.3511449 | Z41: risk | AA41: =MATCH($Z41,B$41:B$48,0) -> 4 | AB41: =MATCH($Z41,J$41:J$48,0) -> 4 | AC41: =MATCH($Z41,R$41:R$48,0) -> 4 | AD41: =AVERAGE(AA41:AC41) -> 4 | AE41: 4 | AF41: =VLOOKUP($Z41,$B$41:$C$48,2,FALSE) -> -0.1841094 | AG41: =VLOOKUP($Z41,$J$41:$K$48,2,FALSE) -> -0.2086958
A42: 3 | B42: we | C42: 0.42296835 | D42: 0.95 | E42: 0.36915414 | F42: 0.47791958 | G42: 0.42296835 | I42: 3 | J42: Clout | K42: -0.3170371 | L42: 0.95 | M42: -0.36331724 | N42: -0.2708971 | O42: 0.3170371 | Q42: 3 | R42: we | S42: 0.3175085 | T42: 0.95 | U42: 0.2592369 | V42: 0.3774337 | W42: 0.3175085 | Z42: adj | AA42: =MATCH($Z42,B$41:B$48,0) -> 5 | AB42: =MATCH($Z42,J$41:J$48,0) -> 6 | AC42: =MATCH($Z42,R$41:R$48,0) -> 5 | AD42: =AVERAGE(AA42:AC42) -> 5.3333333 | AE42: 7 | AF42: =VLOOKUP($Z42,$B$41:$C$48,2,FALSE) -> -0.17884088 | AG42: =VLOOKUP($Z42,$J$41:$K$48,2,FALSE) -> -0.16393
A43: 4 | B43: negate | C43: 0.18532498 | D43: 0.95 | E43: 0.13915262 | F43: 0.23181981 | G43: 0.18532498 | I43: 4 | J43: we | K43: 0.2390381 | L43: 0.95 | M43: 0.19254608 | N43: 0.2869726 | O43: 0.2390381 | Q43: 4 | R43: negate | S43: 0.2213562 | T43: 0.95 | U43: 0.1729357 | V43: 0.270057 | W43: 0.2213562 | Z43: moral | AA43: =MATCH($Z43,B$41:B$48,0) -> 6 | AB43: =MATCH($Z43,J$41:J$48,0) -> 7 | AC43: =MATCH($Z43,R$41:R$48,0) -> 1 | AD43: =AVERAGE(AA43:AC43) -> 4.6666667 | AE43: 5 | AF43: =VLOOKUP($Z43,$B$41:$C$48,2,FALSE) -> 0.15327387 | AG43: =VLOOKUP($Z43,$J$41:$K$48,2,FALSE) -> 0.1353287
A44: 5 | B44: risk | C44: -0.1841094 | D44: 0.95 | E44: -0.2241567 | F44: -0.14410616 | G44: 0.1841094 | I44: 5 | J44: risk | K44: -0.2086958 | L44: 0.95 | M44: -0.2479867 | N44: -0.1696908 | O44: 0.2086958 | Q44: 5 | R44: risk | S44: -0.2112753 | T44: 0.95 | U44: -0.2523272 | V44: -0.1702397 | W44: 0.2112753 | Z44: Clout | AA44: =MATCH($Z44,B$41:B$48,0) -> 7 | AB44: =MATCH($Z44,J$41:J$48,0) -> 2 | AC44: =MATCH($Z44,R$41:R$48,0) -> 6 | AD44: =AVERAGE(AA44:AC44) -> 5 | AE44: 6 | AF44: =VLOOKUP($Z44,$B$41:$C$48,2,FALSE) -> -0.13587879 | AG44: =VLOOKUP($Z44,$J$41:$K$48,2,FALSE) -> -0.3170371
A45: 6 | B45: adj | C45: -0.17884088 | D45: 0.95 | E45: -0.22180021 | F45: -0.13596772 | G45: 0.17884088 | I45: 6 | J45: negate | K45: 0.1949558 | L45: 0.95 | M45: 0.14777038 | N45: 0.2424706 | O45: 0.1949558 | Q45: 6 | R45: adj | S45: -0.2011921 | T45: 0.95 | U45: -0.2438466 | V45: -0.1586037 | W45: 0.2011921 | Z45: Tone | AA45: =MATCH($Z45,B$41:B$48,0) -> 8 | AB45: =MATCH($Z45,J$41:J$48,0) -> 8 | AC45: =MATCH($Z45,R$41:R$48,0) -> 8 | AD45: =AVERAGE(AA45:AC45) -> 8 | AE45: 8 | AF45: =VLOOKUP($Z45,$B$41:$C$48,2,FALSE) -> 0.08736678 | AG45: =VLOOKUP($Z45,$J$41:$K$48,2,FALSE) -> 0.1151471
A46: 7 | B46: moral | C46: 0.15327387 | D46: 0.95 | E46: 0.10778641 | F46: 0.19950652 | G46: 0.15327387 | I46: 7 | J46: adj | K46: -0.16393 | L46: 0.95 | M46: -0.20392312 | N46: -0.1240273 | O46: 0.16393 | Q46: 7 | R46: Clout | S46: -0.1935276 | T46: 0.95 | U46: -0.2409437 | V46: -0.146034 | W46: 0.1935276
A47: 8 | B47: Clout | C47: -0.13587879 | D47: 0.95 | E47: -0.18146285 | F47: -0.09024784 | G47: 0.13587879 | I47: 8 | J47: moral | K47: 0.1353287 | L47: 0.95 | M47: 0.0940779 | N47: 0.1770342 | O47: 0.1353287 | Q47: 8 | R47: assent | S47: -0.172008 | T47: 0.95 | U47: -0.2126645 | V47: -0.1312139 | W47: 0.172008
A48: 9 | B48: Tone | C48: 0.08736678 | D48: 0.95 | E48: 0.04461889 | F48: 0.1302251 | G48: 0.08736678 | I48: 9 | J48: Tone | K48: 0.1151471 | L48: 0.95 | M48: 0.07133665 | N48: 0.1590225 | O48: 0.1151471 | Q48: 9 | R48: Tone | S48: 0.1704664 | T48: 0.95 | U48: 0.1254909 | V48: 0.2158365 | W48: 0.1704664
A49: Showing 1 to 9 of 9 entries, 6 total columns | I49: Showing 1 to 9 of 9 entries, 6 total columns | Q49: Showing 1 to 9 of 9 entries, 6 total columns
A52: Cominbing all data across models and run regression modle
A54: AUC | B54: 0.6897
B56: Parameter | C56: Std_Coefficient | D56: CI | E56: CI_low | F56: CI_high | G56: abs_coef
A58: 1 | B58: (Intercept) | C58: 0.87636822 | D58: 0.95 | E58: 0.85235151 | F58: 0.9004883 | G58: 0.87636822
A59: 2 | B59: we | C59: 0.38593606 | D59: 0.95 | E59: 0.35480738 | F59: 0.4175491 | G59: 0.38593606
A60: 3 | B60: assent | C60: -0.37146314 | D60: 0.95 | E60: -0.39465181 | F60: -0.3483922 | G60: 0.37146314
A61: 4 | B61: negate | C61: 0.25445429 | D61: 0.95 | E61: 0.22608987 | F61: 0.2829327 | G61: 0.25445429
A62: 5 | B62: Clout | C62: -0.22415574 | D62: 0.95 | E62: -0.25082863 | F62: -0.1974944 | G62: 0.22415574
A63: 6 | B63: moral | C63: 0.21649931 | D63: 0.95 | E63: 0.18996551 | F63: 0.2432787 | G63: 0.21649931
A64: 7 | B64: risk | C64: -0.20089642 | D64: 0.95 | E64: -0.22382599 | F64: -0.1780103 | G64: 0.20089642
A65: 8 | B65: adj | C65: -0.17720227 | D65: 0.95 | E65: -0.20158151 | F65: -0.1528409 | G65: 0.17720227
A66: 9 | B66: Tone | C66: 0.08228068 | D66: 0.95 | E66: 0.05654924 | F66: 0.1080476 | G66: 0.08228068
A67: Showing 1 to 9 of 9 entries, 6 total columns
A70: Running all models together
A72: Top 20 Variables | I72: Top 10 Variables
A73: AUC | B73: 0.704 | I73: AUC | J73: 0.6974
B75: Parameter | C75: Std_Coefficient | D75: CI | E75: CI_low | F75: CI_high | G75: abs_coef | J75: Parameter | K75: Std_Coefficient | L75: CI | M75: CI_low | N75: CI_high | O75: abs_coef
A77: 1 | B77: (Intercept) | C77: 0.88724665 | D77: 0.95 | E77: 0.86281662 | F77: 0.91178554 | G77: 0.88724665 | I77: 1 | J77: (Intercept) | K77: 0.88249895 | L77: 0.95 | M77: 0.85853867 | N77: 0.9065632 | O77: 0.88249895
A78: 2 | B78: we | C78: 0.40672254 | D78: 0.95 | E78: 0.37303829 | F78: 0.44084913 | G78: 0.40672254 | I78: 2 | J78: we | K78: 0.37329577 | L78: 0.95 | M78: 0.34262831 | N78: 0.4044429 | O78: 0.37329577
A79: 3 | B79: assent | C79: -0.35073816 | D79: 0.95 | E79: -0.37457448 | F79: -0.3270165 | G79: 0.35073816 | I79: 3 | J79: assent | K79: -0.34839688 | L79: 0.95 | M79: -0.37148512 | N79: -0.3254216 | O79: 0.34839688
A80: 4 | B80: negate | C80: 0.30318836 | D80: 0.95 | E80: 0.27201521 | F80: 0.33448286 | G80: 0.30318836 | I80: 4 | J80: negate | K80: 0.33177385 | L80: 0.95 | M80: 0.30273025 | N80: 0.3609431 | O80: 0.33177385
A81: 5 | B81: auxverb | C81: -0.25877238 | D81: 0.95 | E81: -0.28654687 | F81: -0.23104222 | G81: 0.25877238 | I81: 5 | J81: moral | K81: 0.24870002 | L81: 0.95 | M81: 0.22138785 | N81: 0.2762689 | O81: 0.24870002
A82: 6 | B82: moral | C82: 0.20482398 | D82: 0.95 | E82: 0.17470616 | F82: 0.23519589 | G82: 0.20482398 | I82: 6 | J82: auxverb | K82: -0.20525304 | L82: 0.95 | M82: -0.22913049 | N82: -0.1814022 | O82: 0.20525304
A83: 7 | B83: Clout | C83: -0.17595274 | D83: 0.95 | E83: -0.21025785 | F83: -0.14163653 | G83: 0.17595274 | I83: 7 | J83: Clout | K83: -0.18163367 | L83: 0.95 | M83: -0.2076886 | N83: -0.1555806 | O83: 0.18163367
A84: 8 | B84: risk | C84: -0.16974649 | D84: 0.95 | E84: -0.19482894 | F84: -0.144705 | G84: 0.16974649 | I84: 8 | J84: risk | K84: -0.16853656 | L84: 0.95 | M84: -0.19299379 | N84: -0.1441196 | O84: 0.16853656
A85: 9 | B85: adj | C85: -0.14412114 | D85: 0.95 | E85: -0.16967031 | F85: -0.11857832 | G85: 0.14412114 | I85: 9 | J85: tone_neg | K85: -0.12901306 | L85: 0.95 | M85: -0.15509126 | N85: -0.1029092 | O85: 0.12901306
A86: 10 | B86: tone_neg | C86: -0.14373059 | D86: 0.95 | E86: -0.19160505 | F86: -0.09574348 | G86: 0.14373059 | I86: 10 | J86: adj | K86: -0.10970497 | L86: 0.95 | M86: -0.13393296 | N86: -0.0854829 | O86: 0.10970497
A87: 11 | B87: cause | C87: 0.13940576 | D87: 0.95 | E87: 0.11411298 | F87: 0.16478439 | G87: 0.13940576 | I87: 11 | J87: cause | K87: 0.08967628 | L87: 0.95 | M87: 0.06594057 | N87: 0.1135029 | O87: 0.08967628
A88: 12 | B88: Authentic | C88: -0.12054643 | D88: 0.95 | E88: -0.15080472 | F88: -0.09028609 | G88: 0.12054643 | I88: Showing 1 to 11 of 11 entries, 6 total columns
A89: 13 | B89: differ | C89: 0.074945165 | D89: 0.95 | E89: 0.040413224 | F89: 0.10951747 | G89: 0.074945165
A90: 14 | B90: insight | C90: 0.05724703 | D90: 0.95 | E90: 0.027206687 | F90: 0.08734676 | G90: 0.05724703
A91: 15 | B91: affiliation | C91: -0.052752 | D91: 0.95 | E91: -0.085736062 | F91: -0.01972071 | G91: 0.052752
A92: 16 | B92: tone_pos | C92: 0.050713662 | D92: 0.95 | E92: -0.017797176 | F92: 0.11931116 | G92: 0.050713662
A93: 17 | B93: they | C93: 0.031977744 | D93: 0.95 | E93: 0.00714866 | F93: 0.0569089 | G93: 0.031977744
A94: 18 | B94: power | C94: 0.020431171 | D94: 0.95 | E94: -0.005746719 | F94: 0.04669328 | G94: 0.020431171
A95: 19 | B95: LSM | C95: 0.016688844 | D95: 0.95 | E95: -0.009411627 | F95: 0.04278873 | G95: 0.016688844
A96: 20 | B96: tentat | C96: 0.011521949 | D96: 0.95 | E96: -0.018202069 | F96: 0.04128194 | G96: 0.011521949
A97: 21 | B97: Tone | C97: 0.005673659 | D97: 0.95 | E97: -0.076670826 | F97: 0.08807455 | G97: 0.005673659
A98: Showing 1 to 15 of 21 entries, 6 total columns
A101: ROUND 3 - VARIABLES FROM COMBINED ONLY WITHOUT ASSENT DIFF
A102: Claude | I102: GPT-4o | Q102: Deepseek-r1
A103: AUC | B103: 0.6978 | C103: =B103-B36 -> -0.0038 | I103: AUC | J103: 0.6549 | K103: =J103-J36 -> -0.0192 | Q103: AUC | R103: 0.658 | S103: =R103-R36 -> -0.0227
B105: Parameter | C105: Std_Coefficient | D105: CI | E105: CI_low | F105: CI_high | G105: abs_coef | J105: Parameter | K105: Std_Coefficient | L105: CI | M105: CI_low | N105: CI_high | O105: abs_coef | R105: Parameter | S105: Std_Coefficient | T105: CI | U105: CI_low | V105: CI_high | W105: abs_coef
A107: 1 | B107: (Intercept) | C107: 0.9658265 | D107: 0.95 | E107: 0.9235859 | F107: 1.008407 | G107: 0.9658265 | I107: 1 | J107: (Intercept) | K107: 0.47830049 | L107: 0.95 | M107: 0.44066959 | N107: 0.51606799 | O107: 0.47830049 | Q107: 1 | R107: (Intercept) | S107: 1.1578638 | T107: 0.95 | U107: 1.11474 | V107: 1.2013982 | W107: 1.1578638
A108: 2 | B108: assent | C108: -0.5662651 | D108: 0.95 | E108: -0.6077705 | F108: -0.5252261 | G108: 0.5662651 | I108: 2 | J108: assent | K108: -0.35866268 | L108: 0.95 | M108: -0.39631634 | N108: -0.3212693 | O108: 0.35866268 | Q108: 2 | R108: we | S108: 0.3121664 | T108: 0.95 | U108: 0.2564416 | V108: 0.3695771 | W108: 0.3121664
A109: 3 | B109: we | C109: 0.4034066 | D109: 0.95 | E109: 0.351545 | F109: 0.4564544 | G109: 0.4034066 | I109: 3 | J109: negate | K109: 0.32363938 | L109: 0.95 | M109: 0.28194237 | N109: 0.36576547 | O109: 0.32363938 | Q109: 3 | R109: negate | S109: 0.2684413 | T109: 0.95 | U109: 0.2227396 | V109: 0.3144581 | W109: 0.2684413
A110: 4 | B110: negate | C110: 0.2153545 | D110: 0.95 | E110: 0.171463 | F110: 0.2596013 | G110: 0.2153545 | I110: 4 | J110: we | K110: 0.22314405 | L110: 0.95 | M110: 0.17709431 | N110: 0.27062501 | O110: 0.22314405 | Q110: 4 | R110: adj | S110: -0.2173695 | T110: 0.95 | U110: -0.2589885 | V110: -0.1758084 | W110: 0.2173695
A111: 5 | B111: risk | C111: -0.1791021 | D111: 0.95 | E111: -0.2181616 | F111: -0.1400865 | G111: 0.1791021 | I111: 5 | J111: risk | K111: -0.2083966 | L111: 0.95 | M111: -0.24643165 | N111: -0.17060657 | O111: 0.2083966 | Q111: 5 | R111: assent | S111: -0.1861449 | T111: 0.95 | U111: -0.2262614 | V111: -0.1459018 | W111: 0.1861449
A112: 6 | B112: adj | C112: -0.1578962 | D112: 0.95 | E112: -0.1999463 | F112: -0.1159247 | G112: 0.1578962 | I112: 6 | J112: adj | K112: -0.05486633 | L112: 0.95 | M112: -0.09298473 | N112: -0.01680547 | O112: 0.05486633 | Q112: 6 | R112: risk | S112: -0.1774854 | T112: 0.95 | U112: -0.2162705 | V112: -0.1386542 | W112: 0.1774854
A113: Showing 1 to 6 of 6 entries, 6 total columns | I113: Showing 1 to 6 of 6 entries, 6 total columns | Q113: Showing 1 to 6 of 6 entries, 6 total columns

Sheet Delta RF
A1: Claude | H1: GPT-4o | O1: Deepseek-r1
A3: OOB estimate of error rate: 34.38% | H3: OOB estimate of error rate: 34.95% | O3: OOB estimate of error rate: 39.94%
A4: Confusion matrix: | H4: Confusion matrix: | O4: Confusion matrix:
A5: 0 1 class.error | H5: 0 1 class.error | O5: 0 1 class.error
A6: 0 2329 764 0.2470094 | H6: 0 2284 870 0.2758402 | O6: 0 1738 848 0.3279196
A7: 1 1199 1417 0.4583333 | H7: 1 1221 1607 0.4317539 | O7: 1 1140 1252 0.4765886
A9: Rank | B9: LIWC_Variable | C9: 0 | D9: 1 | E9: MeanDecreaseAccuracy | F9: MeanDecreaseGini | H9: Rank | I9: LIWC_Variable | J9: 0 | K9: 1 | L9: MeanDecreaseAccuracy | M9: MeanDecreaseGini | O9: Rank | P9: LIWC_Variable | Q9: 0 | R9: 1 | S9: MeanDecreaseAccuracy | T9: MeanDecreaseGini
A11: 1 | B11: assent_diff | C11: 18.322188 | D11: 24.624415 | E11: 27.178803 | F11: 114.01224 | H11: 1 | I11: we_diff | J11: 10.083076 | K11: 12.101991 | L11: 15.597336 | M11: 71.775678 | O11: 1 | P11: we_diff | Q11: 20.057802 | R11: 16.811464 | S11: 22.876945 | T11: 87.805304
A12: 2 | B12: we_diff | C12: 17.709509 | D12: 14.704766 | E12: 23.22837 | F12: 105.69066 | H12: 2 | I12: risk_diff | J12: 6.1565936 | K12: 6.7122447 | L12: 8.9755133 | M12: 67.155638 | O12: 2 | P12: assent_diff | Q12: 16.846231 | R12: 18.29154 | S12: 22.370969 | T12: 82.979769
A13: 3 | B13: i_diff | C13: 11.179246 | D13: 5.9430288 | E13: 12.38423 | F13: 74.044684 | H13: 3 | I13: assent_diff | J13: 3.6807121 | K13: 4.2345175 | L13: 5.5573429 | M13: 41.768634 | O13: 3 | P13: moral_diff | Q13: 16.249535 | R13: 9.4283958 | S13: 17.752197 | T13: 79.907127
A14: 4 | B14: memory_diff | C14: 6.8121631 | D14: 5.0916467 | E14: 8.1556413 | F14: 21.809074 | H14: 4 | I14: insight_diff | J14: 7.4809164 | K14: -1.7290565 | L14: 4.4792888 | M14: 58.985546 | O14: 4 | P14: risk_diff | Q14: 8.5565753 | R14: 10.162188 | S14: 12.46078 | T14: 74.431956
A15: 5 | B15: friend_diff | C15: 4.1004035 | D15: 6.2259295 | E15: 7.5536554 | F15: 29.638132 | H15: 5 | I15: cause_diff | J15: 4.2677144 | K15: 1.7682868 | L15: 4.1136179 | M15: 57.546317 | O15: 5 | P15: negate_diff | Q15: 11.977668 | R15: 4.6293466 | S15: 11.478891 | T15: 87.875567
A16: 6 | B16: risk_diff | C16: 0.23475086 | D16: 10.405872 | E16: 7.4086633 | F16: 64.990905 | H16: 6 | I16: friend_diff | J16: 1.2745348 | K16: 4.7519835 | L16: 3.9112755 | M16: 25.919525 | O16: 6 | P16: family_diff | Q16: 2.7067522 | R16: 9.1984726 | S16: 8.7659714 | T16: 26.542937
A17: 7 | B17: moral_diff | C17: 5.7537881 | D17: 4.9793195 | E17: 7.3428255 | F17: 53.021549 | H17: 7 | I17: male_diff | J17: 5.7599516 | K17: 0.32728753 | L17: 3.8410856 | M17: 21.725917 | O17: 7 | P17: allnone_diff | Q17: 9.2774228 | R17: -0.19315275 | S17: 7.0272349 | T17: 63.105289
A18: 8 | B18: c_apology_diff | C18: 6.059298 | D18: 4.2774138 | E18: 7.0428901 | F18: 11.652423 | H18: 8 | I18: allnone_diff | J18: 3.9558022 | K18: 1.1018974 | L18: 3.5509519 | M18: 58.562505 | O18: 8 | P18: certitude_diff | Q18: 4.5867589 | R18: 4.5873973 | S18: 6.8108065 | T18: 59.918073
A19: 9 | B19: affiliation_diff | C19: 1.9950955 | D19: 4.4510554 | E19: 5.2416538 | F19: 60.322616 | H19: 9 | I19: want_diff | J19: 3.6319515 | K19: 0.83298865 | L19: 3.4591901 | M19: 13.400931 | O19: 9 | P19: cause_diff | Q19: 6.2256205 | R19: 0.63057279 | S19: 4.7557706 | T19: 78.067769
A20: 10 | B20: polite_diff | C20: 3.3531926 | D20: 3.8318812 | E20: 5.2196242 | F20: 25.471333 | H20: 10 | I20: i_diff | J20: 3.2489022 | K20: 1.5650229 | L20: 3.3766481 | M20: 36.378466 | O20: 10 | P20: emo_anger_diff | Q20: 2.1855997 | R20: 4.7157042 | S20: 4.6463129 | T20: 17.940332
A21: 11 | B21: achieve_diff | C21: 3.929833 | D21: 2.954966 | E21: 5.042115 | F21: 62.253962 | H21: 11 | I21: LSM_diff | J21: 4.0648967 | K21: 0.36420378 | L21: 3.2363794 | M21: 50.626136 | O21: 11 | P21: Tone_diff | Q21: 3.0502725 | R21: 2.4838523 | S21: 4.4907357 | T21: 66.63888
A22: 12 | B22: negate_diff | C22: 7.1476443 | D22: -0.96813269 | E22: 4.6755513 | F22: 64.87882 | H22: 12 | I22: Authentic_diff | J22: 2.7719923 | K22: 1.6868107 | L22: 3.1284029 | M22: 51.342876 | O22: 12 | P22: tone_pos_diff | Q22: 0.39844395 | R22: 5.320897 | S22: 4.34999 | T22: 67.353183
... A71: 61 | B71: Authentic_diff | C71: -0.5082044 | D71: -0.73613501 | E71: -0.9576244 | F71: 55.444003 | H71: 61 | I71: emo_anger_diff | J71: -2.3335169 | K71: -0.96658201 | L71: -2.4485224 | M71: 25.157009 | O71: 61 | P71: netspeak_diff | Q71: -1.7451945 | R71: -1.0773627 | S71: -1.9210363 | T71: 3.1310744
A72: Showing 1 to 21 of 61 entries, 5 total columns | H72: Showing 1 to 21 of 61 entries, 5 total columns | O72: Showing 1 to 21 of 61 entries, 5 total columns

Sheet Delta GLM
A1: Claude | I1: GPT-4o | Q1: Deepseek-r1
A2: AUC | B2: 0.5743 | I2: AUC | J2: 0.5614 | Q2: AUC | R2: 0.5614
B4: Parameter | C4: Std_Coefficient | D4: CI | E4: CI_low | F4: CI_high | G4: abs_coef | J4: Parameter | K4: Std_Coefficient | L4: CI | M4: CI_low | N4: CI_high | O4: abs_coef | R4: Parameter | S4: Std_Coefficient | T4: CI | U4: CI_low | V4: CI_high | W4: abs_coef
A6: 1 | B6: (Intercept) | C6: 0.74436892 | D6: 0.95 | E6: 0.70134208 | F6: 0.78762702 | G6: 0.74436892 | I6: 1 | J6: (Intercept) | K6: 0.35992959 | L6: 0.95 | M6: 0.31874374 | N6: 0.40122 | O6: 0.35992959 | Q6: 1 | R6: (Intercept) | S6: 1.0276916 | T6: 0.95 | U6: 0.98258523 | V6: 1.0731378 | W6: 1.0276916
A7: 2 | B7: i_diff | C7: -0.19817315 | D7: 0.95 | E7: -0.24492853 | F7: -0.15198491 | G7: 0.19817315 | I7: 2 | J7: LSM_diff | K7: 0.12403665 | L7: 0.95 | M7: 0.081618447 | N7: 0.1665607 | O7: 0.12403665 | Q7: 2 | R7: i_diff | S7: -0.12638501 | T7: 0.95 | U7: -0.18083185 | V7: -0.073507917 | W7: 0.12638501
A8: 3 | B8: friend_diff | C8: 0.098055462 | D8: 0.95 | E8: 0.049936747 | F8: 0.14630422 | G8: 0.098055462 | I8: 3 | J8: risk_diff | K8: 0.095017856 | L8: 0.95 | M8: 0.053172621 | N8: 0.1371273 | O8: 0.095017856 | Q8: 3 | R8: risk_diff | S8: 0.10562399 | T8: 0.95 | U8: 0.060891097 | V8: 0.15034745 | W8: 0.10562399
A9: 4 | B9: achieve_diff | C9: -0.078279978 | D9: 0.95 | E9: -0.12503253 | F9: -0.03163259 | G9: 0.078279978 | I9: 4 | J9: assent_diff | K9: -0.088485197 | L9: 0.95 | M9: -0.13436804 | N9: -0.042740728 | O9: 0.088485197 | Q9: 4 | R9: insight_diff | S9: -0.10299036 | T9: 0.95 | U9: -0.15370938 | V9: -0.052352756 | W9: 0.10299036
A10: 5 | B10: affiliation_diff | C10: -0.067953714 | D10: 0.95 | E10: -0.13001841 | F10: -0.006126749 | G10: 0.067953714 | I10: 5 | J10: need_diff | K10: 0.083179041 | L10: 0.95 | M10: 0.041359291 | N10: 0.12509652 | O10: 0.083179041 | Q10: 5 | R10: affiliation_diff | S10: -0.0947145 | T10: 0.95 | U10: -0.15124426 | V10: -0.038580822 | W10: 0.0947145
A11: 6 | B11: we_diff | C11: 0.06794154 | D11: 0.95 | E11: 0.010465988 | F11: 0.12553113 | G11: 0.06794154 | I11: 6 | J11: female_diff | K11: 0.051632652 | L11: 0.95 | M11: 0.009644216 | N11: 0.093853389 | O11: 0.051632652 | Q11: 6 | R11: we_diff | S11: 0.080587269 | T11: 0.95 | U11: 0.024307748 | V11: 0.1369866 | W11: 0.080587269
A12: 7 | B12: risk_diff | C12: 0.063576577 | D12: 0.95 | E12: 0.02007621 | F12: 0.10713802 | G12: 0.063576577 | I12: 7 | J12: cause_diff | K12: -0.04155777 | L12: 0.95 | M12: -0.083447359 | N12: 0.0002962828 | O12: 0.04155777 | Q12: 7 | R12: curiosity_diff | S12: -0.072987446 | T12: 0.95 | U12: -0.11896195 | V12: -0.027144735 | W12: 0.072987446
A13: 8 | B13: conflict_diff | C13: 0.059166035 | D13: 0.95 | E13: 0.014515486 | F13: 0.10396182 | G13: 0.059166035 | I13: 8 | J13: you_diff | K13: 0.039118142 | L13: 0.95 | M13: -0.003534333 | N13: 0.081993136 | O13: 0.039118142 | Q13: 8 | R13: Clout_diff | S13: -0.059457395 | T13: 0.95 | U13: -0.13282811 | V13: 0.013842831 | W13: 0.059457395
A14: 9 | B14: female_diff | C14: 0.058302192 | D14: 0.95 | E14: 0.014942387 | F14: 0.10144894 | G14: 0.058302192 | I14: 9 | J14: adverb_diff | K14: 0.034541422 | L14: 0.95 | M14: -0.009313417 | N14: 0.078428833 | O14: 0.034541422 | Q14: 9 | R14: verb_diff | S14: 0.059123455 | T14: 0.95 | U14: 0.008302423 | V14: 0.11000862 | W14: 0.059123455
A15: 10 | B15: assent_diff | C15: -0.042813212 | D15: 0.95 | E15: -0.08777045 | F15: 0.002201145 | G15: 0.042813212 | I15: 10 | J15: Tone_diff | K15: 0.031571723 | L15: 0.95 | M15: -0.035934415 | N15: 0.099133038 | O15: 0.031571723 | Q15: 10 | R15: negate_diff | S15: -0.055262806 | T15: 0.95 | U15: -0.11189214 | V15: 0.001316594 | W15: 0.055262806
A16: 11 | B16: c_apology_diff | C16: -0.037903652 | D16: 0.95 | E16: -0.083763023 | F16: 0.007796042 | G16: 0.037903652 | I16: 11 | J16: certitude_diff | K16: 0.024667413 | L16: 0.95 | M16: -0.018592229 | N16: 0.067969676 | O16: 0.024667413 | Q16: 11 | R16: friend_diff | S16: 0.053675014 | T16: 0.95 | U16: 0.00373324 | V16: 0.10377175 | W16: 0.053675014
A17: 12 | B17: emo_anx_diff | C17: 0.03751469 | D17: 0.95 | E17: -0.006869502 | F17: 0.082098122 | G17: 0.03751469 | I17: 12 | J17: we_diff | K17: -0.024019739 | L17: 0.95 | M17: -0.065654996 | N17: 0.017341824 | O17: 0.024019739 | Q17: 12 | R17: male_diff | S17: -0.034694694 | T17: 0.95 | U17: -0.082371398 | V17: 0.012399829 | W17: 0.034694694
... A26: 21 | B26: memory_diff | C26: -0.00181038 | D26: 0.95 | E26: -0.044976516 | F26: 0.041397752 | G26: 0.00181038 | I26: 21 | J26: tone_pos_diff | K26: -0.0003559202 | L26: 0.95 | M26: -0.068437467 | N26: 0.067659137 | O26: 0.0003559202 | Q26: 21 | R26: cause_diff | S26: -0.001573977 | T26: 0.95 | U26: -0.047320832 | V26: 0.044143761 | W26: 0.001573977
A27: Showing 1 to 21 of 21 entries, 6 total columns | I27: Showing 1 to 21 of 21 entries, 6 total columns | Q27: Showing 1 to 21 of 21 entries, 6 total columns

Sheet Combined RF
A1: Claude | H1: GPT-4o | O1: Deepseek-r1
A3: OOB estimate of error rate: 27.05% | H3: OOB estimate of error rate: 24.62% | O3: OOB estimate of error rate: 31.13%
A4: Confusion matrix: | H4: Confusion matrix: | O4: Confusion matrix:
A5: 0 1 class.error | H5: 0 1 class.error | O5: 0 1 class.error
A6: 0 2475 618 0.1998060 | H6: 0 2512 640 0.2030457 | O6: 0 1915 671 0.2594741
A7: 1 926 1690 0.3539755 | H7: 1 835 2003 0.2942213 | O7: 1 878 1512 0.3673640
A9: Rank | B9: LIWC_Variable | C9: 0 | D9: 1 | E9: MeanDecreaseAccuracy | F9: MeanDecreaseGini | H9: Rank | I9: LIWC_Variable | J9: 0 | K9: 1 | L9: MeanDecreaseAccuracy | M9: MeanDecreaseGini | O9: Rank | P9: LIWC_Variable | Q9: 0 | R9: 1 | S9: MeanDecreaseAccuracy | T9: MeanDecreaseGini
A11: 1 | B11: we | C11: 18.593796 | D11: 16.859302 | E11: 25.095339 | F11: 69.248731 | H11: 1 | I11: moral | J11: 14.315034 | K11: 29.025494 | L11: 31.707288 | M11: 85.998867 | O11: 1 | P11: risk | Q11: 16.669233 | R11: 13.082534 | S11: 20.369908 | T11: 50.727069
A12: 2 | B12: assent | C12: 19.411692 | D12: 18.568944 | E12: 24.433329 | F12: 62.304691 | H12: 2 | I12: negate | J12: 19.517571 | K12: 25.096362 | L12: 29.563134 | M12: 91.022077 | O12: 2 | P12: negate | Q12: 15.65635 | R12: 11.469229 | S12: 19.794529 | T12: 66.221124
A13: 3 | B13: negate | C13: 17.403506 | D13: 18.51826 | E13: 24.402822 | F13: 72.486408 | H13: 3 | I13: cause | J13: 18.136799 | K13: 17.86653 | L13: 23.634241 | M13: 83.127402 | O13: 3 | P13: we | Q13: 10.27425 | R13: 15.749485 | S13: 18.666129 | T13: 45.561716
A14: 4 | B14: assent_diff | C14: 13.643635 | D14: 18.424769 | E14: 20.392886 | F14: 57.640054 | H14: 4 | I14: risk | J14: 17.440064 | K14: 19.087267 | L14: 22.025398 | M14: 56.465923 | O14: 4 | P14: moral | Q14: 6.4654432 | R14: 14.813226 | S14: 15.797947 | T14: 30.773934
A15: 5 | B15: risk | C15: 14.646946 | D15: 15.704636 | E15: 19.308613 | F15: 42.953085 | H15: 5 | I15: assent | J15: 13.569879 | K15: 18.675419 | L15: 20.902071 | M15: 44.309239 | O15: 5 | P15: insight | Q15: 6.7461389 | R15: 11.073425 | S15: 13.324717 | T15: 38.635998
A16: 6 | B16: Tone | C16: 11.436101 | D16: 11.249975 | E16: 16.198311 | F16: 45.211645 | H16: 6 | I16: insight | J16: 5.6269078 | K16: 20.03209 | L16: 20.110672 | M16: 52.113487 | O16: 6 | P16: LSM | Q16: 9.7741034 | R16: 6.5353565 | S16: 12.692501 | T16: 39.156388
A17: 7 | B17: differ | C17: 12.008165 | D17: 10.944535 | E17: 15.655358 | F17: 51.288884 | H17: 7 | I17: adj | J17: 11.71884 | K17: 16.172329 | L17: 20.060304 | M17: 55.009076 | O17: 7 | P17: ipron | Q17: 8.2437212 | R17: 8.5155579 | S17: 11.276801 | T17: 39.954456
A18: 8 | B18: tone_pos | C18: 10.605605 | D18: 12.593205 | E18: 15.629586 | F18: 46.335535 | H18: 8 | I18: differ | J18: 15.452943 | K18: 12.045084 | L18: 19.370684 | M18: 59.290466 | O18: 8 | P18: affiliation | Q18: 0.007521564 | R18: 12.13699 | S18: 10.884443 | T18: 25.651304
A19: 9 | B19: moral | C19: 9.0931204 | D19: 13.728147 | E19: 15.280395 | F19: 33.056208 | H19: 9 | I19: we | J19: 17.068397 | K19: 13.665243 | L19: 18.862758 | M19: 41.34238 | O19: 9 | P19: adj | Q19: 9.2962483 | R19: 5.4341853 | S19: 10.52582 | T19: 45.303659
A20: 10 | B20: affiliation | C20: 5.1483163 | D20: 14.10247 | E20: 14.744715 | F20: 38.034598 | H20: 10 | I20: Clout | J20: 5.3193945 | K20: 16.759779 | L20: 17.114846 | M20: 48.266129 | O20: 10 | P20: differ | Q20: 8.9824167 | R20: 4.4725876 | S20: 9.9138987 | T20: 33.057088
A21: 11 | B21: adj | C21: 11.74113 | D21: 6.5036306 | E21: 13.344826 | F21: 47.233459 | H21: 11 | I21: quantity | J21: 12.017665 | K21: 14.456211 | L21: 17.0524 | M21: 55.478111 | O21: 11 | P21: auxverb | Q21: 5.9815802 | R21: 5.7146682 | S21: 9.3280994 | T21: 34.979417
A22: 12 | B22: we_diff | C22: 11.677747 | D22: 6.4298014 | E22: 13.051827 | F22: 40.197589 | H22: 12 | I22: Tone | J22: 11.239702 | K22: 8.059331 | L22: 15.015039 | M22: 39.254731 | O22: 12 | P22: power | Q22: 7.9144458 | R22: 3.497269 | S22: 8.6716835 | T22: 33.192873
... A132: 122 | B132: discrep_diff | C132: -0.67799227 | D132: -0.80629142 | E132: -1.0846171 | F132: 28.299919 | H132: 122 | I132: c_apology | J132: -1.0010015 | K132: -1.4165301 | L132: -1.737226 | M132: 0.22182237 | O132: 122 | P132: nonflu_diff | Q132: -0.56368065 | R132: -2.2978108 | S132: -1.8820854 | T132: 1.0250949
A133: Showing 1 to 15 of 122 entries, 5 total columns | H133: Showing 1 to 15 of 122 entries, 5 total columns | O133: Showing 1 to 15 of 122 entries, 5 total columns

Sheet Combined GLM
A1: ROUND 1 - TOP 20 VARIABLES MINUS HIGHLY CORRELATED ONES
A2: Claude | I2: GPT-4o | Q2: Deepseek-r1
A3: Correlations | I3: Correlations | J3: Tone, tone_pos | O3: ` | Q3: Correlations
A4: AUC | B4: 0.7487 | I4: AUC | J4: 0.7345 | Q4: AUC | R4: 0.6972 | Z4: claude | AA4: GPT-4o | AB4: Deepseek-r1
A5: State AUC | B5: 0.7176 | I5: State AUC | J5: 0.7083 | Q5: State AUC | R5: 0.6903 | Y5: assent | Z5: =MATCH($Y5,B$9:B$22,0) -> 1 | AA5: =MATCH($Y5,J$9:J$26,0) -> 1 | AB5: =MATCH($Y5,R$8:R$23,0) -> 4
Y6: assent_diff | Z6: =MATCH($Y6,B$9:B$22,0) -> 3 | AA6: =MATCH($Y6,J$9:J$26,0) -> 5 | AB6: =MATCH($Y6,R$8:R$23,0) -> 11
A7: Rank | B7: Parameter | C7: Std_Coefficient | D7: CI | E7: CI_low | F7: CI_high | G7: abs_coef | I7: Rank | J7: Parameter | K7: Std_Coefficient | L7: CI | M7: CI_low | N7: CI_high | O7: abs_coef | Q7: Rank | R7: Parameter | S7: Std_Coefficient | T7: CI | U7: CI_low | V7: CI_high | W7: abs_coef | Y7: we | Z7: =MATCH($Y7,B$9:B$22,0) -> 4 | AA7: =MATCH($Y7,J$9:J$26,0) -> 6 | AB7: =MATCH($Y7,R$8:R$23,0) -> 3
Y8: negate | Z8: =MATCH($Y8,B$9:B$22,0) -> 5 | AA8: =MATCH($Y8,J$9:J$26,0) -> 8 | AB8: =MATCH($Y8,R$8:R$23,0) -> 9
A9: 1 | B9: assent | C9: -0.86459742 | D9: 0.95 | E9: -0.93085215 | F9: -0.79925466 | G9: 0.86459742 | I9: 1 | J9: assent | K9: -0.64462125 | L9: 0.95 | M9: -0.70321545 | N9: -0.5865569 | O9: 0.64462125 | Q9: 1 | R9: (Intercept) | S9: 1.143888 | T9: 0.95 | U9: 1.0941512 | V9: 1.1942067 | W9: 1.143888 | Y9: adj | Z9: =MATCH($Y9,B$9:B$22,0) -> 6 | AA9: =MATCH($Y9,J$9:J$26,0) -> 12 | AB9: =MATCH($Y9,R$8:R$23,0) -> 5
A10: 2 | B10: (Intercept) | C10: 0.86162557 | D10: 0.95 | E10: 0.81338139 | F10: 0.91028555 | G10: 0.86162557 | I10: 2 | J10: (Intercept) | K10: 0.42994987 | L10: 0.95 | M10: 0.38544611 | N10: 0.47463019 | O10: 0.42994987 | Q10: 2 | R10: we | S10: 0.37481999 | T10: 0.95 | U10: 0.3041231 | V10: 0.44710058 | W10: 0.37481999 | Y10: risk | Z10: =MATCH($Y10,B$9:B$22,0) -> 7 | AA10: =MATCH($Y10,J$9:J$26,0) -> 13 | AB10: =MATCH($Y10,R$8:R$23,0) -> 7
A11: 3 | B11: assent_diff | C11: 0.52873015 | D11: 0.95 | E11: 0.46978414 | F11: 0.58826608 | G11: 0.52873015 | I11: 3 | J11: Tone | K11: 0.38164268 | L11: 0.95 | M11: 0.21792946 | N11: 0.54623157 | O11: 0.38164268 | Q11: 3 | R11: assent | S11: -0.30407186 | T11: 0.95 | U11: -0.36590444 | V11: -0.24219523 | W11: 0.30407186 | Y11: you | Z11: =MATCH($Y11,B$9:B$22,0) -> 8 | AA11: =MATCH($Y11,J$9:J$26,0) -> #N/A | AB11: =MATCH($Y11,R$8:R$23,0) -> #N/A
A12: 4 | B12: we | C12: 0.47673758 | D12: 0.95 | E12: 0.4000656 | F12: 0.55448198 | G12: 0.47673758 | I12: 4 | J12: cause | K12: 0.35790679 | L12: 0.95 | M12: 0.30825312 | N12: 0.40794987 | O12: 0.35790679 | Q12: 4 | R12: adj | S12: -0.27906538 | T12: 0.95 | U12: -0.32842654 | V12: -0.22988028 | W12: 0.27906538 | Y12: cause | Z12: =MATCH($Y12,B$9:B$22,0) -> 9 | AA12: =MATCH($Y12,J$9:J$26,0) -> 4 | AB12: =MATCH($Y12,R$8:R$23,0) -> #N/A
A13: 5 | B13: negate | C13: 0.25602455 | D13: 0.95 | E13: 0.20100451 | F13: 0.31144783 | G13: 0.25602455 | I13: 5 | J13: assent_diff | K13: 0.30849241 | L13: 0.95 | M13: 0.25392402 | N13: 0.36327208 | O13: 0.30849241 | Q13: 5 | R13: moral | S13: 0.2638726 | T13: 0.95 | U13: 0.20016635 | V13: 0.32865193 | W13: 0.2638726 | Y13: we_diff | Z13: =MATCH($Y13,B$9:B$22,0) -> 10 | AA13: =MATCH($Y13,J$9:J$26,0) -> 18 | AB13: =MATCH($Y13,R$8:R$23,0) -> #N/A
A14: 6 | B14: adj | C14: -0.21291605 | D14: 0.95 | E14: -0.26395558 | F14: -0.16200933 | G14: 0.21291605 | I14: 6 | J14: we | K14: 0.27420113 | L14: 0.95 | M14: 0.21851414 | N14: 0.33140809 | O14: 0.27420113 | Q14: 6 | R14: risk | S14: -0.17420444 | T14: 0.95 | U14: -0.22175094 | V14: -0.12663312 | W14: 0.17420444 | Y14: i_diff | Z14: =MATCH($Y14,B$9:B$22,0) -> 11 | AA14: =MATCH($Y14,J$9:J$26,0) -> #N/A | AB14: =MATCH($Y14,R$8:R$23,0) -> #N/A
A15: 7 | B15: risk | C15: -0.20850738 | D15: 0.95 | E15: -0.25738082 | F15: -0.15982814 | G15: 0.20850738 | I15: 7 | J15: Clout | K15: -0.26314043 | L15: 0.95 | M15: -0.33044316 | N15: -0.19592692 | O15: 0.26314043 | Q15: 7 | R15: Clout | S15: -0.16802027 | T15: 0.95 | U15: -0.23464778 | V15: -0.10115285 | W15: 0.16802027 | Y15: differ | Z15: =MATCH($Y15,B$9:B$22,0) -> 12 | AA15: =MATCH($Y15,J$9:J$26,0) -> 11 | AB15: =MATCH($Y15,R$8:R$23,0) -> #N/A
A16: 8 | B16: you | C16: -0.20085621 | D16: 0.95 | E16: -0.2749021 | F16: -0.12696085 | G16: 0.20085621 | I16: 8 | J16: negate | K16: 0.24516863 | L16: 0.95 | M16: 0.1865439 | N16: 0.3042569 | O16: 0.24516863 | Q16: 8 | R16: negate | S16: 0.16759575 | T16: 0.95 | U16: 0.10139428 | V16: 0.23407472 | W16: 0.16759575 | Y16: verb | Z16: =MATCH($Y16,B$9:B$22,0) -> 13 | AA16: =MATCH($Y16,J$9:J$26,0) -> #N/A | AB16: =MATCH($Y16,R$8:R$23,0) -> #N/A
A17: 9 | B17: cause | C17: 0.17383535 | D17: 0.95 | E17: 0.12384861 | F17: 0.2241519 | G17: 0.17383535 | I17: 9 | J17: tone_pos | K17: -0.23440601 | L17: 0.95 | M17: -0.37586399 | N17: -0.09381113 | O17: 0.23440601 | Q17: 9 | R17: allnone | S17: 0.16753575 | T17: 0.95 | U17: 0.11081522 | V17: 0.22494778 | W17: 0.16753575 | Y17: tentat | Z17: =MATCH($Y17,B$9:B$22,0) -> 14 | AA17: =MATCH($Y17,J$9:J$26,0) -> #N/A | AB17: =MATCH($Y17,R$8:R$23,0) -> #N/A
A18: 10 | B18: we_diff | C18: -0.17280825 | D18: 0.95 | E18: -0.23259525 | F18: -0.11409486 | G18: 0.17280825 | I18: 10 | J18: moral | K18: 0.20764853 | L18: 0.95 | M18: 0.15259768 | N18: 0.26329395 | O18: 0.20764853 | Q18: 10 | R18: assent_diff | S18: 0.1435797 | T18: 0.95 | U18: 0.084681943 | V18: 0.20212976 | W18: 0.1435797 | Y18: Tone | Z18: =MATCH($Y18,B$9:B$22,0) -> #N/A | AA18: =MATCH($Y18,J$9:J$26,0) -> 3 | AB18: =MATCH($Y18,R$8:R$23,0) -> 16
A19: 11 | B19: i_diff | C19: -0.14361936 | D19: 0.95 | E19: -0.19356057 | F19: -0.094187 | G19: 0.14361936 | I19: 11 | J19: differ | K19: -0.20290377 | L19: 0.95 | M19: -0.26234321 | N19: -0.14357626 | O19: 0.20290377 | Q19: 11 | R19: insight | S19: 0.14024858 | T19: 0.95 | U19: 0.081423731 | V19: 0.19957963 | W19: 0.14024858 | Y19: Clout | Z19: =MATCH($Y19,B$9:B$22,0) -> #N/A | AA19: =MATCH($Y19,J$9:J$26,0) -> 7 | AB19: =MATCH($Y19,R$8:R$23,0) -> 8
A20: 12 | B20: differ | C20: 0.1383274 | D20: 0.95 | E20: 0.07279812 | F20: 0.2041033 | G20: 0.1383274 | I20: 12 | J20: adj | K20: -0.15702028 | L20: 0.95 | M20: -0.20615132 | N20: -0.10798399 | O20: 0.15702028 | Q20: 12 | R20: quantity | S20: 0.12347326 | T20: 0.95 | U20: 0.068901404 | V20: 0.17871719 | W20: 0.12347326 | Y20: tone_pos | Z20: =MATCH($Y20,B$9:B$22,0) -> #N/A | AA20: =MATCH($Y20,J$9:J$26,0) -> 9 | AB20: =MATCH($Y20,R$8:R$23,0) -> #N/A
... A27: 19 | B27: adverb | C27: 0.03191714 | D27: 0.95 | E27: -0.01995978 | F27: 0.08389763 | G27: 0.03191714 | I27: 19 | J27: tone_neg | K27: -0.028916909 | L27: 0.95 | M27: -0.11820827 | N27: 0.06053209 | O27: 0.028916909 | Q27: 19 | R27: power | S27: 0.03463643 | T27: 0.95 | U27: -0.017586793 | V27: 0.08727123 | W27: 0.03463643 | Y27: ipron | Z27: =MATCH($Y27,B$9:B$22,0) -> #N/A | AA27: =MATCH($Y27,J$9:J$26,0) -> #N/A | AB27: =MATCH($Y27,R$8:R$23,0) -> 15
A28: 20 | B28: power | C28: -0.01913256 | D28: 0.95 | E28: -0.06978764 | F28: 0.03178823 | G28: 0.01913256 | I28: 20 | J28: power | K28: 0.022198217 | L28: 0.95 | M28: -0.02537459 | N28: 0.06991757 | O28: 0.022198217 | Q28: 20 | R28: they | S28: 0.02764507 | T28: 0.95 | U28: -0.023605754 | V28: 0.07942485 | W28: 0.02764507
A29: 21 | B29: affiliation | C29: -0.0148347 | D29: 0.95 | E29: -0.08381737 | F29: 0.05448056 | G29: 0.0148347 | I29: 21 | J29: they | K29: -0.008095306 | L29: 0.95 | M29: -0.05530802 | N29: 0.03913622 | O29: 0.008095306 | Q29: 21 | R29: tentat | S29: 0.01999075 | T29: 0.95 | U29: -0.044119731 | V29: 0.08422245 | W29: 0.01999075
A30: Showing 1 to 15 of 21 entries, 6 total columns | I30: Showing 1 to 15 of 21 entries, 6 total columns | Q30: Showing 1 to 15 of 21 entries, 6 total columns
A33: ROUND 2 - OVERLAPPING VARIABLES FROM ROUND 1
A35: Claude | I35: GPT-4o | Q35: Deepseek-r1
A36: AUC | B36: 0.7326 | I36: AUC | J36: 0.6805 | Q36: AUC | R36: 0.6801
A37: State AUC | B37: ='State GLM'!B103 -> 0.6978 | C37: =B36-B37 -> 0.0348 | I37: State AUC | J37: ='State GLM'!J103 -> 0.6549 | K37: =J36-J37 -> 0.0256 | Q37: State AUC | R37: ='State GLM'!R103 -> 0.658 | S37: =R36-R37 -> 0.0221
B39: Parameter | C39: Std_Coefficient | D39: CI | E39: CI_low | F39: CI_high | G39: abs_coef | J39: Parameter | K39: Std_Coefficient | L39: CI | M39: CI_low | N39: CI_high | O39: abs_coef | R39: Parameter | S39: Std_Coefficient | T39: CI | U39: CI_low | V39: CI_high | W39: abs_coef
A41: 1 | B41: assent | C41: -0.9233057 | D41: 0.95 | E41: -0.9866239 | F41: -0.8609218 | G41: 0.9233057 | I41: 1 | J41: assent | K41: -0.63855298 | L41: 0.95 | M41: -0.693784 | N41: -0.5838316 | O41: 0.63855298 | Q41: 1 | R41: (Intercept) | S41: 1.1178292 | T41: 0.95 | U41: 1.0693575 | V41: 1.1668322 | W41: 1.1178292
A42: 2 | B42: (Intercept) | C42: 0.8387592 | D42: 0.95 | E42: 0.7917026 | F42: 0.8861914 | G42: 0.8387592 | I42: 2 | J42: (Intercept) | K42: 0.39675778 | L42: 0.95 | M42: 0.3544644 | N42: 0.4391911 | O42: 0.39675778 | Q42: 2 | R42: we | S42: 0.3745897 | T42: 0.95 | U42: 0.3124045 | V42: 0.4386386 | W42: 0.3745897
A43: 3 | B43: assent_diff | C43: 0.5426037 | D43: 0.95 | E43: 0.4850281 | F43: 0.600768 | G43: 0.5426037 | I43: 3 | J43: negate | K43: 0.33389044 | L43: 0.95 | M43: 0.2871972 | N43: 0.3810776 | O43: 0.33389044 | Q43: 3 | R43: negate | S43: 0.3263949 | T43: 0.95 | U43: 0.275542 | V43: 0.3776765 | W43: 0.3263949
A44: 4 | B44: we | C44: 0.4498436 | D44: 0.95 | E44: 0.3927614 | F44: 0.50822 | G44: 0.4498436 | I44: 4 | J44: assent_diff | K44: 0.316341 | L44: 0.95 | M44: 0.2640124 | N44: 0.368941 | O44: 0.316341 | Q44: 4 | R44: assent | S44: -0.2818053 | T44: 0.95 | U44: -0.3396508 | V44: -0.2238298 | W44: 0.2818053
A45: 5 | B45: negate | C45: 0.2376667 | D45: 0.95 | E45: 0.1887867 | F45: 0.2869651 | G45: 0.2376667 | I45: 5 | J45: we | K45: 0.21508079 | L45: 0.95 | M45: 0.1660988 | N45: 0.2655713 | O45: 0.21508079 | Q45: 5 | R45: adj | S45: -0.2680748 | T45: 0.95 | U45: -0.3143391 | V45: -0.2219511 | W45: 0.2680748
A46: 6 | B46: risk | C46: -0.1774075 | D46: 0.95 | E46: -0.2218677 | F46: -0.1330994 | G46: 0.1774075 | I46: 6 | J46: risk | K46: -0.19759234 | L46: 0.95 | M46: -0.2410968 | N46: -0.1544221 | O46: 0.19759234 | Q46: 6 | R46: risk | S46: -0.1708653 | T46: 0.95 | U46: -0.2143531 | V46: -0.1273352 | W46: 0.1708653
A47: 7 | B47: adj | C47: -0.1724624 | D47: 0.95 | E47: -0.2195515 | F47: -0.1254872 | G47: 0.1724624 | I47: 7 | J47: adj | K47: -0.05936278 | L47: 0.95 | M47: -0.1024723 | N47: -0.0163378 | O47: 0.05936278 | Q47: 7 | R47: assent_diff | S47: 0.1628085 | T47: 0.95 | U47: 0.105159 | V47: 0.2201279 | W47: 0.1628085
A48: Showing 1 to 7 of 7 entries, 6 total columns | I48: Showing 1 to 7 of 7 entries, 6 total columns | Q48: Showing 1 to 7 of 7 entries, 6 total columns
A51: ROUND 3 - OVERLAPPING VARIABLES FROM STATE GLM + ASSENT DIFF
A53: Claude | I53: GPT-4o | Q53: Deepseek-r1
A54: AUC | B54: 0.7331 | I54: AUC | J54: 0.6988 | Q54: AUC | R54: 0.6899
A55: State AUC | B55: ='State GLM'!B36 -> 0.7016 | C55: =B54-B55 -> 0.0315 | I55: State AUC | J55: ='State GLM'!J36 -> 0.6741 | K55: =J54-J55 -> 0.0247 | Q55: State AUC | R55: ='State GLM'!R36 -> 0.6807 | S55: =R54-R55 -> 0.0092
B57: Parameter | C57: Std_Coefficient | D57: CI | E57: CI_low | F57: CI_high | G57: abs_coef | J57: Parameter | K57: Std_Coefficient | L57: CI | M57: CI_low | N57: CI_high | O57: abs_coef | R57: Parameter | S57: Std_Coefficient | T57: CI | U57: CI_low | V57: CI_high | W57: abs_coef
A59: 1 | B59: assent | C59: -0.89645242 | D59: 0.95 | E59: -0.96035548 | F59: -0.83348049 | G59: 0.89645242 | I59: 1 | J59: assent | K59: -0.65627657 | L59: 0.95 | M59: -0.71342514 | N59: -0.5996549 | O59: 0.65627657 | Q59: 1 | R59: (Intercept) | S59: 1.1302389 | T59: 0.95 | U59: 1.0811436 | V59: 1.179889 | W59: 1.1302389
A60: 2 | B60: (Intercept) | C60: 0.84125361 | D60: 0.95 | E60: 0.79383682 | F60: 0.8890529 | G60: 0.84125361 | I60: 2 | J60: (Intercept) | K60: 0.41040606 | L60: 0.95 | M60: 0.36707514 | N60: 0.4538856 | O60: 0.41040606 | Q60: 2 | R60: we | S60: 0.36509096 | T60: 0.95 | U60: 0.2995338 | V60: 0.4324174 | W60: 0.36509096
A61: 3 | B61: assent_diff | C61: 0.54180752 | D61: 0.95 | E61: 0.48378443 | F61: 0.60041907 | G61: 0.54180752 | I61: 3 | J61: Clout | K61: -0.327247 | L61: 0.95 | M61: -0.3797617 | N61: -0.274919 | O61: 0.327247 | Q61: 3 | R61: assent | S61: -0.2791044 | T61: 0.95 | U61: -0.33758228 | V61: -0.2205206 | W61: 0.2791044
A62: 4 | B62: we | C62: 0.4762488 | D62: 0.95 | E62: 0.41606289 | F62: 0.53767837 | G62: 0.4762488 | I62: 4 | J62: assent_diff | K62: 0.31866054 | L62: 0.95 | M62: 0.26525442 | N62: 0.3723096 | O62: 0.31866054 | Q62: 4 | R62: moral | S62: 0.27398937 | T62: 0.95 | U62: 0.2176334 | V62: 0.3313486 | W62: 0.27398937
A63: 5 | B63: negate | C63: 0.1963914 | D63: 0.95 | E63: 0.14517864 | F63: 0.24797767 | G63: 0.1963914 | I63: 5 | J63: we | K63: 0.23907586 | L63: 0.95 | M63: 0.18894707 | N63: 0.2906387 | O63: 0.23907586 | Q63: 5 | R63: negate | S63: 0.26489161 | T63: 0.95 | U63: 0.21125446 | V63: 0.3189102 | W63: 0.26489161
A64: 6 | B64: risk | C64: -0.19392974 | D64: 0.95 | E64: -0.23947909 | F64: -0.14854658 | G64: 0.19392974 | I64: 6 | J64: risk | K64: -0.20489611 | L64: 0.95 | M64: -0.24994363 | N64: -0.160244 | O64: 0.20489611 | Q64: 6 | R64: adj | S64: -0.25189549 | T64: 0.95 | U64: -0.2991233 | V64: -0.2048155 | W64: 0.25189549
A65: 7 | B65: adj | C65: -0.18803621 | D65: 0.95 | E65: -0.23610146 | F65: -0.14009004 | G65: 0.18803621 | I65: 7 | J65: adj | K65: -0.17446801 | L65: 0.95 | M65: -0.21982286 | N65: -0.1292347 | O65: 0.17446801 | Q65: 7 | R65: risk | S65: -0.20576651 | T65: 0.95 | U65: -0.25181923 | V65: -0.1597304 | W65: 0.20576651
A66: 8 | B66: Clout | C66: -0.14799891 | D66: 0.95 | E66: -0.19916064 | F66: -0.09680244 | G66: 0.14799891 | I66: 8 | J66: negate | K66: 0.17424922 | L66: 0.95 | M66: 0.12034914 | N66: 0.2285115 | O66: 0.17424922 | Q66: 8 | R66: Clout | S66: -0.16447039 | T66: 0.95 | U66: -0.21692011 | V66: -0.1118959 | W66: 0.16447039
A67: 9 | B67: moral | C67: 0.11264997 | D67: 0.95 | E67: 0.06289914 | F67: 0.16312311 | G67: 0.11264997 | I67: 9 | J67: moral | K67: 0.10234486 | L67: 0.95 | M67: 0.05633967 | N67: 0.1488096 | O67: 0.10234486 | Q67: 9 | R67: assent_diff | S67: 0.16396628 | T67: 0.95 | U67: 0.10582421 | V67: 0.2218009 | W67: 0.16396628
A68: 10 | B68: Tone | C68: 0.000386558 | D68: 0.95 | E68: -0.04690418 | F68: 0.0477553 | G68: 0.000386558 | I68: 10 | J68: Tone | K68: 0.06895573 | L68: 0.95 | M68: 0.01998668 | N68: 0.1179822 | O68: 0.06895573 | Q68: 10 | R68: Tone | S68: 0.05451096 | T68: 0.95 | U68: 0.00578906 | V68: 0.1036773 | W68: 0.05451096
A69: Showing 1 to 10 of 10 entries, 6 total columns | I69: Showing 1 to 10 of 10 entries, 6 total columns | Q69: Showing 1 to 10 of 10 entries, 6 total columns

Sheet Validation
A1: STATE ONLY - 8 VARIABLES
A2: Llama-3.3-70B-Instruct | I2: Qwen2.5-72B-Instruct | R2: Claude | S2: GPT-4o | T2: Deepseek-r1
A3: AUC | B3: 0.6945 | I3: AUC | J3: 0.6766 | Q3: AUC | R3: ='State GLM'!B36 -> 0.7016 | S3: ='State GLM'!J36 -> 0.6741 | T3: ='State GLM'!R36 -> 0.6807
B5: Parameter | C5: Std_Coefficient | D5: CI | E5: CI_low | F5: CI_high | G5: abs_coef | J5: Parameter | K5: Std_Coefficient | L5: CI | M5: CI_low | N5: CI_high | O5: abs_coef
A7: 1 | B7: assent | C7: -0.49926382 | D7: 0.95 | E7: -0.54870455 | F7: -0.45086026 | G7: 0.49926382 | I7: 1 | J7: assent | K7: -0.57288767 | L7: 0.95 | M7: -0.61980767 | N7: -0.52685613 | O7: 0.57288767
A8: 2 | B8: Tone | C8: 0.40691532 | D8: 0.95 | E8: 0.36523558 | F8: 0.44880424 | G8: 0.40691532 | I8: 2 | J8: Tone | K8: 0.36791525 | L8: 0.95 | M8: 0.32634526 | N8: 0.40967189 | O8: 0.36791525
A9: 3 | B9: adj | C9: -0.31672978 | D9: 0.95 | E9: -0.35680923 | F9: -0.27685089 | G9: 0.31672978 | I9: 3 | J9: adj | K9: -0.22586426 | L9: 0.95 | M9: -0.26442676 | N9: -0.18743672 | O9: 0.22586426
A10: 4 | B10: we | C10: 0.20268149 | D10: 0.95 | E10: 0.16105771 | F10: 0.24509484 | G10: 0.20268149 | I10: 4 | J10: moral | K10: 0.16565013 | L10: 0.95 | M10: 0.12634434 | N10: 0.20533627 | O10: 0.16565013
A11: 5 | B11: moral | C11: 0.19786975 | D11: 0.95 | E11: 0.15880035 | F11: 0.23724532 | G11: 0.19786975 | I11: 5 | J11: we | K11: 0.13018067 | L11: 0.95 | M11: 0.089411011 | N11: 0.1721193 | O11: 0.13018067
A12: 6 | B12: (Intercept) | C12: -0.115086 | D12: 0.95 | E12: -0.15316196 | F12: -0.0770748 | G12: 0.115086 | I12: 6 | J12: Clout | K12: -0.11435142 | L12: 0.95 | M12: -0.15751706 | N12: -0.071228007 | O12: 0.11435142
A13: 7 | B13: Clout | C13: -0.11301494 | D13: 0.95 | E13: -0.15739166 | F13: -0.06870485 | G13: 0.11301494 | I13: 7 | J13: negate | K13: 0.08186493 | L13: 0.95 | M13: 0.042432642 | N13: 0.12142791 | O13: 0.08186493
A14: 8 | B14: risk | C14: -0.08593666 | D14: 0.95 | E14: -0.12533988 | F14: -0.04681657 | G14: 0.08593666 | I14: 8 | J14: (Intercept) | K14: 0.04750237 | L14: 0.95 | M14: 0.009901088 | N14: 0.085081974 | O14: 0.04750237
A15: 9 | B15: negate | C15: 0.07210447 | D15: 0.95 | E15: 0.03129935 | F15: 0.11302553 | G15: 0.07210447 | I15: 9 | J15: risk | K15: -0.03214886 | L15: 0.95 | M15: -0.07038675 | N15: 0.006010471 | O15: 0.03214886
A16: Showing 1 to 9 of 9 entries, 6 total columns | I16: Showing 1 to 9 of 9 entries, 6 total columns
A19: COMBINED - 8 VARIABLES PLUS ASSENT DIFF
A20: Llama-3.3-70B-Instruct | I20: Qwen2.5-72B-Instruct | R20: Claude | S20: GPT-4o | T20: Deepseek-r1
A21: AUC | B21: 0.7237 | C21: =B21-B3 -> 0.0292 | I21: AUC | J21: 0.7116 | K21: =J21-J3 -> 0.035 | Q21: AUC | R21: ='Combined GLM'!B54 -> 0.7331 | S21: ='Combined GLM'!J54 -> 0.6988 | T21: ='Combined GLM'!R54 -> 0.6899
Q22: Diff from State | R22: =R21-R3 -> 0.0315 | S22: =S21-S3 -> 0.0247 | T22: =T21-T3 -> 0.0092
B23: Parameter | C23: Std_Coefficient | D23: CI | E23: CI_low | F23: CI_high | G23: abs_coef | J23: Parameter | K23: Std_Coefficient | L23: CI | M23: CI_low | N23: CI_high | O23: abs_coef
A25: 1 | B25: assent | C25: -0.85925037 | D25: 0.95 | E25: -0.93629338 | F25: -0.78394467 | G25: 0.85925037 | I25: 1 | J25: assent | K25: -0.9907246 | L25: 0.95 | M25: -1.0629152 | N25: -0.92010843 | O25: 0.9907246
A26: 2 | B26: assent_diff | C26: 0.53845719 | D26: 0.95 | E26: 0.4679193 | F26: 0.61079806 | G26: 0.53845719 | I26: 2 | J26: assent_diff | K26: 0.53317198 | L26: 0.95 | M26: 0.46980975 | N26: 0.59780593 | O26: 0.53317198
A27: 3 | B27: Tone | C27: 0.413618 | D27: 0.95 | E27: 0.36675813 | F27: 0.4607419 | G27: 0.413618 | I27: 3 | J27: Tone | K27: 0.37132334 | L27: 0.95 | M27: 0.32444789 | N27: 0.4184342 | O27: 0.37132334
A28: 4 | B28: adj | C28: -0.3311908 | D28: 0.95 | E28: -0.3773041 | F28: -0.2853437 | G28: 0.3311908 | I28: 4 | J28: adj | K28: -0.21385109 | L28: 0.95 | M28: -0.25779501 | N28: -0.17007304 | O28: 0.21385109
A29: 5 | B29: (Intercept) | C29: -0.3298512 | D29: 0.95 | E29: -0.37431776 | F29: -0.28560143 | G29: 0.3298512 | I29: 5 | J29: moral | K29: 0.1558314 | L29: 0.95 | M29: 0.11168734 | N29: 0.20026831 | O29: 0.1558314
A30: 6 | B30: we | C30: 0.20667896 | D30: 0.95 | E30: 0.15964889 | F30: 0.25460727 | G30: 0.20667896 | I30: 6 | J30: (Intercept) | K30: -0.14668785 | L30: 0.95 | M30: -0.19028917 | N30: -0.1032439 | O30: 0.14668785
A31: 7 | B31: moral | C31: 0.16687646 | D31: 0.95 | E31: 0.12297928 | F31: 0.21084241 | G31: 0.16687646 | I31: 7 | J31: we | K31: 0.08561527 | L31: 0.95 | M31: 0.041932752 | N31: 0.13023097 | O31: 0.08561527
A32: 8 | B32: risk | C32: -0.08313861 | D32: 0.95 | E32: -0.12892491 | F32: -0.03782369 | G32: 0.08313861 | I32: 8 | J32: Clout | K32: -0.05244609 | L32: 0.95 | M32: -0.10147659 | N32: -0.003433115 | O32: 0.05244609
A33: 9 | B33: Clout | C33: -0.07031654 | D33: 0.95 | E33: -0.12068341 | F33: -0.020021 | G33: 0.07031654 | I33: 9 | J33: negate | K33: 0.04371777 | L33: 0.95 | M33: -0.000954451 | N33: 0.088481951 | O33: 0.04371777
A34: 10 | B34: negate | C34: 0.06322199 | D34: 0.95 | E34: 0.01621767 | F34: 0.1102787 | G34: 0.06322199 | I34: 10 | J34: risk | K34: -0.02038853 | L34: 0.95 | M34: -0.064472979 | N34: 0.023559337 | O34: 0.02038853
A35: Showing 1 to 10 of 10 entries, 6 total columns | I35: Showing 1 to 10 of 10 entries, 6 total columns
A37: STATE ONLY - 5 VARIABLES
A38: Llama-3.3-70B-Instruct | I38: Qwen2.5-72B-Instruct | R38: Claude | S38: GPT-4o | T38: Deepseek-r1
A39: AUC | B39: 0.6576 | I39: AUC | J39: 0.6301 | Q39: AUC | R39: ='State GLM'!B103 -> 0.6978 | S39: ='State GLM'!J103 -> 0.6549 | T39: ='State GLM'!R103 -> 0.658
B41: Parameter | C41: Std_Coefficient | D41: CI | E41: CI_low | F41: CI_high | G41: abs_coef | J41: Parameter | K41: Std_Coefficient | L41: CI | M41: CI_low | N41: CI_high | O41: abs_coef
A43: 1 | B43: assent | C43: -0.5087118 | D43: 0.95 | E43: -0.55676542 | F43: -0.46170558 | G43: 0.5087118 | I43: 1 | J43: assent | K43: -0.5643217 | L43: 0.95 | M43: -0.61042546 | N43: -0.51914404 | O43: 0.5643217
A44: 2 | B44: adj | C44: -0.23830485 | D44: 0.95 | E44: -0.27629752 | F44: -0.20045219 | G44: 0.23830485 | I44: 2 | J44: adj | K44: -0.157349 | L44: 0.95 | M44: -0.19443526 | N44: -0.12036091 | O44: 0.157349
A45: 3 | B45: we | C45: 0.18979516 | D45: 0.95 | E45: 0.14947782 | F45: 0.23102362 | G45: 0.18979516 | I45: 3 | J45: we | K45: 0.1098057 | L45: 0.95 | M45: 0.07041356 | N45: 0.15031847 | O45: 0.1098057
A46: 4 | B46: risk | C46: -0.11110196 | D46: 0.95 | E46: -0.14940049 | F46: -0.07308743 | G46: 0.11110196 | I46: 4 | J46: negate | K46: 0.08599826 | L46: 0.95 | M46: 0.04865202 | N46: 0.12349723 | O46: 0.08599826
A47: 5 | B47: (Intercept) | C47: -0.10678383 | D47: 0.95 | E47: -0.14373821 | F47: -0.06988872 | G47: 0.10678383 | I47: 5 | J47: (Intercept) | K47: 0.05191264 | L47: 0.95 | M47: 0.01508593 | N47: 0.08871594 | O47: 0.05191264
A48: 6 | B48: negate | C48: 0.02720592 | D48: 0.95 | E48: -0.01037135 | F48: 0.06498616 | G48: 0.02720592 | I48: 6 | J48: risk | K48: -0.0473684 | L48: 0.95 | M48: -0.08479187 | N48: -0.01002591 | O48: 0.0473684
A49: Showing 1 to 6 of 6 entries, 6 total columns | I49: Showing 1 to 6 of 6 entries, 6 total columns
A52: COMBINED - 5 VARIABLES + ASSENT DIFF
A53: Llama-3.3-70B-Instruct | I53: Qwen2.5-72B-Instruct | R53: Claude | S53: GPT-4o | T53: Deepseek-r1
A54: AUC | B54: 0.6955 | C54: =B54-B39 -> 0.0379 | I54: AUC | J54: 0.6673 | K54: =J54-J39 -> 0.0372 | Q54: AUC | R54: ='Combined GLM'!B36 -> 0.7326 | S54: ='Combined GLM'!J36 -> 0.6805 | T54: ='Combined GLM'!R36 -> 0.6801
Q55: Diff from State | R55: =R54-R39 -> 0.0348 | S55: =S54-S39 -> 0.0256 | T55: =T54-T39 -> 0.0221
B56: Parameter | C56: Std_Coefficient | D56: CI | E56: CI_low | F56: CI_high | G56: abs_coef | J56: Parameter | K56: Std_Coefficient | L56: CI | M56: CI_low | N56: CI_high | O56: abs_coef
A58: 1 | B58: assent | C58: -0.85193637 | D58: 0.95 | E58: -0.92660043 | F58: -0.77896943 | G58: 0.85193637 | I58: 1 | J58: assent | K58: -0.96551298 | L58: 0.95 | M58: -1.0364027 | N58: -0.89621102 | O58: 0.96551298
A59: 2 | B59: assent_diff | C59: 0.5244339 | D59: 0.95 | E59: 0.45584335 | F59: 0.59476688 | G59: 0.5244339 | I59: 2 | J59: assent_diff | K59: 0.54396137 | L59: 0.95 | M59: 0.48081709 | N59: 0.60842041 | O59: 0.54396137
A60: 3 | B60: (Intercept) | C60: -0.31337405 | D60: 0.95 | E60: -0.35648852 | F60: -0.27045571 | G60: 0.31337405 | I60: 3 | J60: adj | K60: -0.1432323 | L60: 0.95 | M60: -0.18539951 | N60: -0.10117901 | O60: 0.1432323
A61: 4 | B61: adj | C61: -0.26094258 | D61: 0.95 | E61: -0.30475645 | F61: -0.21732278 | G61: 0.26094258 | I61: 4 | J61: (Intercept) | K61: -0.13886537 | L61: 0.95 | M61: -0.18159431 | N61: -0.096288979 | O61: 0.13886537
A62: 5 | B62: we | C62: 0.21645209 | D62: 0.95 | E62: 0.17108836 | F62: 0.26288952 | G62: 0.21645209 | I62: 5 | J62: we | K62: 0.06626905 | L62: 0.95 | M62: 0.0239818 | N62: 0.10947624 | O62: 0.06626905
A63: 6 | B63: risk | C63: -0.11002246 | D63: 0.95 | E63: -0.15461868 | F63: -0.0658922 | G63: 0.11002246 | I63: 6 | J63: risk | K63: -0.0345323 | L63: 0.95 | M63: -0.07774088 | N63: 0.008542018 | O63: 0.0345323
A64: 7 | B64: negate | C64: -0.002733567 | D64: 0.95 | E64: -0.04554028 | F64: 0.04022049 | G64: 0.002733567 | I64: 7 | J64: negate | K64: 0.02689795 | L64: 0.95 | M64: -0.01497147 | N64: 0.068861831 | O64: 0.02689795
A65: Showing 1 to 7 of 7 entries, 6 total columns | I65: Showing 1 to 7 of 7 entries, 6 total columns

Sheet Assent Trajectory
A1: Llama-3.3-70B-Instruct | G1: Qwen2.5-72B-Instruct | M1: Claude | S1: GPT-4o | Y1: Deepseek-r1
A4: No Flip | B4: 4295 | G4: No Flip | H4: 4975 | M4: No Flip | N4: 7605 | S4: No Flip | T4: 6965 | Y4: No Flip | Z4: 8745
A5: Turn 2 | B5: 418 | G5: Turn 2 | H5: 376 | M5: Turn 2 | N5: 274 | S5: Turn 2 | T5: 244 | Y5: Turn 2 | Z5: 134
A6: Turn 3 | B6: 753 | G6: Turn 3 | H6: 651 | M6: Turn 3 | N6: 528 | S6: Turn 3 | T6: 300 | Y6: Turn 3 | Z6: 171
A7: Turn 4 | B7: 856 | G7: Turn 4 | H7: 880 | M7: Turn 4 | N7: 540 | S7: Turn 4 | T7: 280 | Y7: Turn 4 | Z7: 296
A8: Turn 5 | B8: 435 | G8: Turn 5 | H8: 270 | M8: Turn 5 | N8: 285 | S8: Turn 5 | T8: 130 | Y8: Turn 5 | Z8: 195
A11: Call: | G11: Call: | M11: Call: | S11: Call: | Y11: Call:
A12: glm(formula = assent ~ turn_no * turn_of_flip, data = plot_data) | G12: glm(formula = assent ~ turn_no * turn_of_flip, data = plot_data) | M12: glm(formula = assent ~ turn_no * turn_of_flip, data = plot_data) | S12: glm(formula = assent ~ turn_no * turn_of_flip, data = plot_data) | Y12: glm(formula = assent ~ turn_no * turn_of_flip, data = plot_data)
A14: Deviance Residuals: | G14: Deviance Residuals: | M14: Deviance Residuals: | S14: Deviance Residuals: | Y14: Deviance Residuals:
A15: Min 1Q Median 3Q Max | G15: Min 1Q Median 3Q Max | M15: Min 1Q Median 3Q Max | S15: Min 1Q Median 3Q Max | Y15: Min 1Q Median 3Q Max
A16: -0.12445 -0.04403 -0.03911 -0.03419 2.14842 | G16: -0.15149 -0.03538 -0.03005 -0.02471 2.12843 | M16: -0.40149 -0.12684 -0.08250 -0.06032 2.20316 | S16: -0.23577 -0.09724 -0.07871 -0.06945 1.62276 | Y16: -0.25513 -0.11978 -0.08643 0.15355 1.77690
A18: Coefficients: | G18: Coefficients: | M18: Coefficients: | S18: Coefficients: | Y18: Coefficients:
A19: Estimate Std. Error t value Pr(>|t|) | G19: Estimate Std. Error t value Pr(>|t|) | M19: Estimate Std. Error t value Pr(>|t|) | S19: Estimate Std. Error t value Pr(>|t|) | Y19: Estimate Std. Error t value Pr(>|t|)
A20: (Intercept) 0.031726 0.005731 5.536 3.21e-08 *** | G20: (Intercept) 0.0380503 0.0043573 8.732 < 2e-16 *** | M20: (Intercept) 0.03815 0.00733 5.204 1.99e-07 *** | S20: (Intercept) 0.060182 0.006034 9.974 < 2e-16 *** | Y20: (Intercept) 0.053083 0.004717 11.254 < 2e-16 ***
A21: turn_no 0.002460 0.001728 1.424 0.15459 | G21: turn_no -0.0026673 0.0013138 -2.030 0.042366 * | M21: turn_no 0.02217 0.00221 10.033 < 2e-16 *** | S21: turn_no 0.009266 0.001819 5.093 3.6e-07 *** | Y21: turn_no 0.016673 0.001422 11.724 < 2e-16 ***
A22: turn_of_flipTurn 2 -0.123162 0.025424 -4.844 1.30e-06 *** | G22: turn_of_flipTurn 2 -0.1598588 0.0218115 -7.329 2.57e-13 *** | M22: turn_of_flipTurn 2 -0.27829 0.05258 -5.292 1.24e-07 *** | S22: turn_of_flipTurn 2 -0.143050 0.043884 -3.260 0.001120 ** | Y22: turn_of_flipTurn 2 -0.109651 0.051594 -2.125 0.033592 *
A23: turn_of_flipTurn 3 -0.089137 0.016469 -5.412 6.44e-08 *** | G23: turn_of_flipTurn 3 -0.0829965 0.0142707 -5.816 6.29e-09 *** | M23: turn_of_flipTurn 3 -0.21783 0.03223 -6.759 1.48e-11 *** | S23: turn_of_flipTurn 3 -0.092348 0.033349 -2.769 0.005633 ** | Y23: turn_of_flipTurn 3 -0.108113 0.038344 -2.820 0.004819 **
A24: turn_of_flipTurn 4 -0.047661 0.014581 -3.269 0.00109 ** | G24: turn_of_flipTurn 4 -0.0446412 0.0116654 -3.827 0.000131 *** | M24: turn_of_flipTurn 4 -0.06904 0.02965 -2.328 0.019919 * | S24: turn_of_flipTurn 4 -0.011824 0.032005 -0.369 0.711796 | Y24: turn_of_flipTurn 4 -0.076192 0.027189 -2.802 0.005085 **
... A39: Number of Fisher Scoring iterations: 2 | G39: Number of Fisher Scoring iterations: 2 | M39: Number of Fisher Scoring iterations: 2 | S39: Number of Fisher Scoring iterations: 2 | Y39: Number of Fisher Scoring iterations: 2

Sheet OLD State RF
A1: Model | B1: Rank | C1: LIWC | D1: 0 | E1: 1 | F1: MeanDescreaseAccuracy | G1: MeanDecreaseGini | I1: Model | J1: Rank | K1: LIWC | L1: 0 | M1: 1 | N1: MeanDescreaseAccuracy | O1: MeanDecreaseGini | Q1: Model | R1: Rank | S1: LIWC | T1: 0 | U1: 1 | V1: MeanDescreaseAccuracy | W1: MeanDecreaseGini
A2: claude | B2: 1 | C2: assent | D2: 31.17685 | E2: 27.951321 | F2: 37.94556 | G2: 124.79253 | I2: gpt-4o | J2: 1 | K2: moral | L2: 17.450798 | M2: 43.469695 | N2: 45.78742 | O2: 158.63042 | Q2: deepseek-r1 | R2: 1 | S2: risk | T2: 20.207785 | U2: 21.061929 | V2: 27.591312 | W2: 99.814307
A3: claude | B3: 2 | C3: negate | D3: 17.990878 | E3: 26.340732 | F3: 30.95858 | G3: 126.70331 | I3: gpt-4o | J3: 2 | K3: negate | L3: 24.786944 | M3: 31.860062 | N3: 36.895832 | O3: 141.16979 | Q3: deepseek-r1 | R3: 2 | S3: insight | T3: 14.352536 | U3: 17.882407 | V3: 22.124335 | W3: 91.670477
A4: claude | B4: 3 | C4: we | D4: 23.003494 | E4: 19.481379 | F4: 29.23682 | G4: 91.382328 | I4: gpt-4o | J4: 3 | K4: risk | L4: 27.005165 | M4: 29.839025 | N4: 35.403355 | O4: 118.66482 | Q4: deepseek-r1 | R4: 3 | S4: negate | T4: 18.183603 | U4: 12.072343 | V4: 22.059503 | W4: 95.696616
A5: claude | B5: 4 | C5: risk | D5: 22.151472 | E5: 20.080904 | F5: 28.38688 | G5: 92.924011 | I5: gpt-4o | J5: 4 | K5: insight | L5: 10.206222 | M5: 31.029166 | N5: 29.865306 | O5: 115.71404 | Q5: deepseek-r1 | R5: 4 | S5: we | T5: 14.078249 | U5: 17.83674 | V5: 22.034122 | W5: 65.305056
A6: claude | B6: 5 | C6: adj | D6: 21.66616 | E6: 12.66518 | F6: 24.82232 | G6: 114.7172 | I6: gpt-4o | J6: 5 | K6: differ | L6: 26.792235 | M6: 14.939761 | N6: 29.442901 | O6: 126.49718 | Q6: deepseek-r1 | R6: 5 | S6: moral | T6: 8.0501024 | U6: 18.900525 | V6: 20.542048 | W6: 59.564546
A7: claude | B7: 6 | C7: moral | D7: 14.526491 | E7: 22.031912 | F7: 24.22375 | G7: 72.901695 | I7: gpt-4o | J7: 6 | K7: adj | L7: 20.809478 | M7: 22.174549 | N7: 28.479806 | O7: 123.89127 | Q7: deepseek-r1 | R7: 6 | S7: affiliation | T7: -1.2833221 | U7: 20.442027 | V7: 17.763048 | W7: 66.701357
A8: claude | B8: 7 | C8: affiliation | D8: 7.2113093 | E8: 20.344702 | F8: 21.86007 | G8: 86.146787 | I8: gpt-4o | J8: 7 | K8: assent | L8: 20.520619 | M8: 25.173143 | N8: 28.351123 | O8: 81.077813 | Q8: deepseek-r1 | R8: 7 | S8: they | T8: 9.5841724 | U8: 16.136198 | V8: 17.311557 | W8: 69.644089
A9: claude | B9: 8 | C9: differ | D9: 18.081377 | E9: 9.5740926 | F9: 20.17076 | G9: 103.17344 | I9: gpt-4o | J9: 8 | K9: cause | L9: 21.852512 | M9: 20.364935 | N9: 27.8012 | O9: 128.29701 | Q9: deepseek-r1 | R9: 8 | S9: differ | T9: 16.28338 | U9: 5.192135 | V9: 16.926706 | W9: 79.968504
A10: claude | B10: 9 | C10: tone_pos | D10: 8.0096601 | E10: 17.8078 | F10: 19.80656 | G10: 87.759089 | I10: gpt-4o | J10: 9 | K10: Clout | L10: 11.034151 | M10: 23.459892 | N10: 24.857214 | O10: 101.76428 | Q10: deepseek-r1 | R10: 9 | S10: quantity | T10: 9.4830079 | U10: 13.37259 | V10: 16.39995 | W10: 82.063766
A11: claude | B11: 10 | C11: Clout | D11: 9.9476737 | E11: 14.685767 | F11: 18.5887 | G11: 89.727979 | I11: gpt-4o | J11: 10 | K11: affiliation | L11: 1.513942 | M11: 23.30266 | N11: 24.379688 | O11: 74.358707 | Q11: deepseek-r1 | R11: 10 | S11: scenario | T11: 8.0967549 | U11: 13.781332 | V11: 16.251935 | W11: 20.670341
A12: claude | B12: 11 | C12: power | D12: 13.775393 | E12: 13.051663 | F12: 18.57008 | G12: 88.405345 | I12: gpt-4o | J12: 11 | K12: quantity | L12: 17.340035 | M12: 19.051309 | N12: 23.115224 | O12: 110.56308 | Q12: deepseek-r1 | R12: 11 | S12: adj | T12: 15.149692 | U12: 8.00009 | V12: 16.138144 | W12: 95.053815
A13: claude | B13: 12 | C13: tentat | D13: 11.757977 | E13: 14.227691 | F13: 18.22228 | G13: 92.918836 | I13: gpt-4o | J13: 12 | K13: they | L13: 19.994132 | M13: 13.304747 | N13: 22.904441 | O13: 87.74865 | Q13: deepseek-r1 | R13: 12 | S13: Clout | T13: 11.812315 | U13: 9.3351836 | V13: 15.712303 | W13: 78.946215
... A65: claude | B65: 64 | C65: filler | D65: 0 | E65: 0 | F65: 0 | G65: 0.06782342 | I65: gpt-4o | J65: 64 | K65: filler | L65: 0 | M65: 0 | N65: 0 | O65: 0 | Q65: deepseek-r1 | R65: 64 | S65: filler | T65: 0 | U65: 0 | V65: 0 | W65: 0.153805

Sheet OLD State GLM
A1: ROUND 1 - TOP 20 VARIABLES MINUS HIGHLY CORRELATED ONES
A2: Claude | I2: GPT-4o | Q2: Deepseek-r1 | Z2: claude | AA2: GPT-4o | AB2: Deepseek-r1
A3: Rank | B3: LIWC variable | C3: Std_Coeff | D3: CI | E3: CI_low | F3: CI_high | G3: abs_coef | I3: Rank | J3: LIWC variable | K3: Std_Coeff | L3: CI | M3: CI_low | N3: CI_high | O3: abs_coef | Q3: Rank | R3: LIWC variable | S3: Std_Coeff | T3: CI | U3: CI_low | V3: CI_high | W3: abs_coef | Y3: assent | Z3: =MATCH($Y3,B$5:B$22,0) -> 1 | AA3: =MATCH($Y3,J$5:J$23,0) -> 1 | AB3: =MATCH($Y3,R$5:R$24,0) -> 8
A4: 1 | B4: (Intercept) | C4: 0.98322915 | D4: 0.95 | E4: 0.93997032 | F4: 1.0268568 | G4: 0.98322915 | I4: 1 | J4: (Intercept) | K4: 0.50896762 | L4: 0.95 | M4: 0.46952575 | N4: 0.54857531 | O4: 0.50896762 | Q4: 1 | R4: (Intercept) | S4: 1.2049374 | T4: 0.95 | U4: 1.1596382 | V4: 1.2507283 | W4: 1.2049374 | Y4: we | Z4: =MATCH($Y4,B$5:B$22,0) -> 2 | AA4: =MATCH($Y4,J$5:J$23,0) -> 6 | AB4: =MATCH($Y4,R$5:R$24,0) -> 1
A5: 2 | B5: assent | C5: -0.50813213 | D5: 0.95 | E5: -0.55388669 | F5: -0.46282993 | G5: 0.50813213 | I5: 2 | J5: assent | K5: -0.36109872 | L5: 0.95 | M5: -0.40097539 | N5: -0.32147265 | O5: 0.36109872 | Q5: 2 | R5: we | S5: 0.33661859 | T5: 0.95 | U5: 0.2727999 | V5: 0.40182135 | W5: 0.33661859 | Y5: you | Z5: =MATCH($Y5,B$5:B$22,0) -> 3 | AA5: =MATCH($Y5,J$5:J$23,0) -> #N/A | AB5: =MATCH($Y5,R$5:R$24,0) -> #N/A
A6: 3 | B6: we | C6: 0.35144137 | D6: 0.95 | E6: 0.28665715 | F6: 0.41704018 | G6: 0.35144137 | I6: 3 | J6: cause | K6: 0.33538224 | L6: 0.95 | M6: 0.29113907 | N6: 0.37993144 | O6: 0.33538224 | Q6: 3 | R6: moral | S6: 0.31368618 | T6: 0.95 | U6: 0.25504366 | V6: 0.37328542 | W6: 0.31368618 | Y6: negate | Z6: =MATCH($Y6,B$5:B$22,0) -> 4 | AA6: =MATCH($Y6,J$5:J$23,0) -> 5 | AB6: =MATCH($Y6,R$5:R$24,0) -> 5
A7: 4 | B7: you | C7: -0.25673371 | D7: 0.95 | E7: -0.31893992 | F7: -0.19471583 | G7: 0.25673371 | I7: 4 | J7: Clout | K7: -0.26541295 | L7: 0.95 | M7: -0.32523933 | N7: -0.20565527 | O7: 0.26541295 | Q7: 4 | R7: adj | S7: -0.21812728 | T7: 0.95 | U7: -0.26345251 | V7: -0.17288102 | W7: 0.21812728 | Y7: adj | Z7: =MATCH($Y7,B$5:B$22,0) -> 5 | AA7: =MATCH($Y7,J$5:J$23,0) -> 7 | AB7: =MATCH($Y7,R$5:R$24,0) -> 3
A8: 5 | B8: negate | C8: 0.23339506 | D8: 0.95 | E8: 0.18483108 | F8: 0.28230679 | G8: 0.23339506 | I8: 5 | J8: Tone | K8: 0.25155006 | L8: 0.95 | M8: 0.19855595 | N8: 0.30470906 | O8: 0.25155006 | Q8: 5 | R8: insight | S8: 0.21266856 | T8: 0.95 | U8: 0.15962486 | V8: 0.26619544 | W8: 0.21266856 | Y8: risk | Z8: =MATCH($Y8,B$5:B$22,0) -> 6 | AA8: =MATCH($Y8,J$5:J$23,0) -> 8 | AB8: =MATCH($Y8,R$5:R$24,0) -> 9
A9: 6 | B9: adj | C9: -0.18960996 | D9: 0.95 | E9: -0.23429107 | F9: -0.14501415 | G9: 0.18960996 | I9: 6 | J9: negate | K9: 0.23816509 | L9: 0.95 | M9: 0.18696259 | N9: 0.28975141 | O9: 0.23816509 | Q9: 6 | R9: negate | S9: 0.19537925 | T9: 0.95 | U9: 0.13884071 | V9: 0.25215836 | W9: 0.19537925 | Y9: reward | Z9: =MATCH($Y9,B$5:B$22,0) -> 7 | AA9: =MATCH($Y9,J$5:J$23,0) -> #N/A | AB9: =MATCH($Y9,R$5:R$24,0) -> #N/A
A10: 7 | B10: risk | C10: -0.18419131 | D10: 0.95 | E10: -0.2250359 | F10: -0.14341973 | G10: 0.18419131 | I10: 7 | J10: we | K10: 0.23601022 | L10: 0.95 | M10: 0.18703754 | N10: 0.2863407 | O10: 0.23601022 | Q10: 7 | R10: Clout | S10: -0.17436359 | T10: 0.95 | U10: -0.23522208 | V10: -0.1134094 | W10: 0.17436359 | Y10: differ | Z10: =MATCH($Y10,B$5:B$22,0) -> 8 | AA10: =MATCH($Y10,J$5:J$23,0) -> 14 | AB10: =MATCH($Y10,R$5:R$24,0) -> 19
A11: 8 | B11: reward | C11: 0.15877193 | D11: 0.95 | E11: 0.10562271 | F11: 0.21309193 | G11: 0.15877193 | I11: 8 | J11: adj | K11: -0.18991442 | L11: 0.95 | M11: -0.23277359 | N11: -0.14716172 | O11: 0.18991442 | Q11: 8 | R11: quantity | S11: 0.16716724 | T11: 0.95 | U11: 0.1168782 | V11: 0.21808377 | W11: 0.16716724 | Y11: cause | Z11: =MATCH($Y11,B$5:B$22,0) -> 9 | AA11: =MATCH($Y11,J$5:J$23,0) -> 2 | AB11: =MATCH($Y11,R$5:R$24,0) -> #N/A
A12: 9 | B12: differ | C12: 0.15430544 | D12: 0.95 | E12: 0.09728306 | F12: 0.21155946 | G12: 0.15430544 | I12: 9 | J12: risk | K12: -0.16906708 | L12: 0.95 | M12: -0.210471 | N12: -0.12791836 | O12: 0.16906708 | Q12: 9 | R12: assent | S12: -0.16103476 | T12: 0.95 | U12: -0.20315684 | V12: -0.1187809 | W12: 0.16103476 | Y12: prosocial | Z12: =MATCH($Y12,B$5:B$22,0) -> 10 | AA12: =MATCH($Y12,J$5:J$23,0) -> 15 | AB12: =MATCH($Y12,R$5:R$24,0) -> 14
A13: 10 | B13: cause | C13: 0.1326488 | D13: 0.95 | E13: 0.08791889 | F13: 0.17763334 | G13: 0.1326488 | I13: 10 | J13: moral | K13: 0.15883913 | L13: 0.95 | M13: 0.11222714 | N13: 0.2059524 | O13: 0.15883913 | Q13: 10 | R13: risk | S13: -0.15542091 | T13: 0.95 | U13: -0.20154884 | V13: -0.10928823 | W13: 0.15542091 | Y13: moral | Z13: =MATCH($Y13,B$5:B$22,0) -> 11 | AA13: =MATCH($Y13,J$5:J$23,0) -> 9 | AB13: =MATCH($Y13,R$5:R$24,0) -> 2
A14: 11 | B14: prosocial | C14: 0.13149387 | D14: 0.95 | E14: 0.07925815 | F14: 0.1842446 | G14: 0.13149387 | I14: 11 | J14: tentat | K14: -0.14787091 | L14: 0.95 | M14: -0.1969213 | N14: -0.09887257 | O14: 0.14787091 | Q14: 11 | R14: Tone | S14: 0.13321884 | T14: 0.95 | U14: 0.067303928 | V14: 0.19965866 | W14: 0.13321884 | Y14: Clout | Z14: =MATCH($Y14,B$5:B$22,0) -> 12 | AA14: =MATCH($Y14,J$5:J$23,0) -> 3 | AB14: =MATCH($Y14,R$5:R$24,0) -> 6
A15: 12 | B15: moral | C15: 0.11515592 | D15: 0.95 | E15: 0.06529284 | F15: 0.16575533 | G15: 0.11515592 | I15: 12 | J15: quantity | K15: 0.11616004 | L15: 0.95 | M15: 0.07101008 | N15: 0.16171544 | O15: 0.11616004 | Q15: 12 | R15: allure | S15: -0.10879939 | T15: 0.95 | U15: -0.1559205 | V15: -0.06158822 | W15: 0.10879939 | Y15: power | Z15: =MATCH($Y15,B$5:B$22,0) -> 13 | AA15: =MATCH($Y15,J$5:J$23,0) -> 16 | AB15: =MATCH($Y15,R$5:R$24,0) -> #N/A
... A22: 19 | B22: Tone | C22: -0.00264908 | D22: 0.95 | E22: -0.05327889 | F22: 0.048026372 | G22: 0.00264908 | I22: 19 | J22: insight | K22: -0.01405082 | L22: 0.95 | M22: -0.06354206 | N22: 0.03548102 | O22: 0.01405082 | Q22: 19 | R22: they | S22: 0.03168874 | T22: 0.95 | U22: -0.015445071 | V22: 0.0793378 | W22: 0.03168874 | Y22: Authentic | Z22: =MATCH($Y22,B$5:B$22,0) -> #N/A | AA22: =MATCH($Y22,J$5:J$23,0) -> 13 | AB22: =MATCH($Y22,R$5:R$24,0) -> #N/A
A23: removed tone_pos & tone_neg due to high correlation | I23: 20 | J23: they | K23: -0.01005129 | L23: 0.95 | M23: -0.051495 | N23: 0.03148774 | O23: 0.01005129 | Q23: 20 | R23: differ | S23: 0.03030364 | T23: 0.95 | U23: -0.025371505 | V23: 0.08611215 | W23: 0.03030364 | Y23: discrep | Z23: =MATCH($Y23,B$5:B$22,0) -> #N/A | AA23: =MATCH($Y23,J$5:J$23,0) -> 17 | AB23: =MATCH($Y23,R$5:R$24,0) -> #N/A
Q24: 21 | R24: auxverb | S24: 0.01341993 | T24: 0.95 | U24: -0.062644434 | V24: 0.08940152 | W24: 0.01341993 | Y24: they | Z24: =MATCH($Y24,B$5:B$22,0) -> #N/A | AA24: =MATCH($Y24,J$5:J$23,0) -> 19 | AB24: =MATCH($Y24,R$5:R$24,0) -> 18
A25: AUC | B25: 0.7158 | I25: AUC | J25: 0.7082 | Y25: allure | Z25: =MATCH($Y25,B$5:B$22,0) -> #N/A | AA25: =MATCH($Y25,J$5:J$23,0) -> #N/A | AB25: =MATCH($Y25,R$5:R$24,0) -> 11
Q26: AUC | R26: 0.6906 | Y26: tone_neg | Z26: =MATCH($Y26,B$5:B$22,0) -> #N/A | AA26: =MATCH($Y26,J$5:J$23,0) -> #N/A | AB26: =MATCH($Y26,R$5:R$24,0) -> 13
Y27: ipron | Z27: =MATCH($Y27,B$5:B$22,0) -> #N/A | AA27: =MATCH($Y27,J$5:J$23,0) -> #N/A | AB27: =MATCH($Y27,R$5:R$24,0) -> 15
Y28: verb | Z28: =MATCH($Y28,B$5:B$22,0) -> #N/A | AA28: =MATCH($Y28,J$5:J$23,0) -> #N/A | AB28: =MATCH($Y28,R$5:R$24,0) -> 16
Y29: LSM | Z29: =MATCH($Y29,B$5:B$22,0) -> #N/A | AA29: =MATCH($Y29,J$5:J$23,0) -> #N/A | AB29: =MATCH($Y29,R$5:R$24,0) -> 17
Y30: auxverb | Z30: =MATCH($Y30,B$5:B$22,0) -> #N/A | AA30: =MATCH($Y30,J$5:J$23,0) -> #N/A | AB30: =MATCH($Y30,R$5:R$24,0) -> 20
A34: ROUND 2 - ONLY SIGNIFICANT VARIABLES
A35: Claude | I35: GPT-4o | Q35: Deepseek-r1 | Z35: claude | AA35: GPT-4o | AB35: Deepseek-r1
A36: Rank | B36: LIWC variable | C36: Std_Coeff | D36: CI | E36: CI_low | F36: CI_high | G36: abs_coef | I36: Rank | J36: LIWC variable | K36: Std_Coeff | L36: CI | M36: CI_low | N36: CI_high | O36: abs_coef | Q36: Rank | R36: LIWC variable | S36: Std_Coeff | T36: CI | U36: CI_low | V36: CI_high | W36: abs_coef | Z36: claude | AA36: GPT-4o | AB36: Deepseek-r1
A37: 1 | B37: (Intercept) | C37: 0.9862928 | D37: 0.95 | E37: 0.94334963 | F37: 1.0295982 | G37: 0.9862928 | I37: 1 | J37: (Intercept) | K37: 0.5082334 | L37: 0.95 | M37: 0.46881818 | N37: 0.54781349 | O37: 0.5082334 | Q37: 1 | R37: (Intercept) | S37: 1.2045033 | T37: 0.95 | U37: 1.15922 | V37: 1.2502779 | W37: 1.2045033 | Y37: assent | Z37: =MATCH($Y37,B$38:B$50,0) -> 1 | AA37: =MATCH($Y37,J$38:J$50,0) -> 1 | AB37: =MATCH($Y37,R$38:R$53,0) -> 8
A38: 2 | B38: assent | C38: -0.520884 | D38: 0.95 | E38: -0.56314343 | F38: -0.47906765 | G38: 0.520884 | I38: 2 | J38: assent | K38: -0.3615984 | L38: 0.95 | M38: -0.40123519 | N38: -0.32221089 | O38: 0.3615984 | Q38: 2 | R38: we | S38: 0.3335806 | T38: 0.95 | U38: 0.26993314 | V38: 0.39860358 | W38: 0.3335806 | Y38: we | Z38: =MATCH($Y38,B$38:B$50,0) -> 2 | AA38: =MATCH($Y38,J$38:J$50,0) -> 4 | AB38: =MATCH($Y38,R$38:R$53,0) -> 1
A39: 3 | B39: we | C39: 0.32887559 | D39: 0.95 | E39: 0.27037279 | F39: 0.38833125 | G39: 0.32887559 | I39: 3 | J39: cause | K39: 0.3326461 | L39: 0.95 | M39: 0.28877729 | N39: 0.37682116 | O39: 0.3326461 | Q39: 3 | R39: moral | S39: 0.32037264 | T39: 0.95 | U39: 0.2619742 | V39: 0.37972992 | W39: 0.32037264 | Y39: you | Z39: =MATCH($Y39,B$38:B$50,0) -> 3 | AA39: =MATCH($Y39,J$38:J$50,0) -> #N/A | AB39: =MATCH($Y39,R$38:R$53,0) -> #N/A
A40: 4 | B40: you | C40: -0.24643924 | D40: 0.95 | E40: -0.30545902 | F40: -0.18757792 | G40: 0.24643924 | I40: 4 | J40: Clout | K40: -0.2558557 | L40: 0.95 | M40: -0.30844766 | N40: -0.20333885 | O40: 0.2558557 | Q40: 4 | R40: adj | S40: -0.21330145 | T40: 0.95 | U40: -0.25789534 | V40: -0.16878566 | W40: 0.21330145 | Y40: negate | Z40: =MATCH($Y40,B$38:B$50,0) -> 4 | AA40: =MATCH($Y40,J$38:J$50,0) -> 6 | AB40: =MATCH($Y40,R$38:R$53,0) -> 5
A41: 5 | B41: negate | C41: 0.24073508 | D41: 0.95 | E41: 0.19269703 | F41: 0.28912293 | G41: 0.24073508 | I41: 5 | J41: we | K41: 0.241335 | L41: 0.95 | M41: 0.19353287 | N41: 0.29053386 | O41: 0.241335 | Q41: 5 | R41: insight | S41: 0.21088234 | T41: 0.95 | U41: 0.15954083 | V41: 0.26269795 | W41: 0.21088234 | Y41: adj | Z41: =MATCH($Y41,B$38:B$50,0) -> 5 | AA41: =MATCH($Y41,J$38:J$50,0) -> 7 | AB41: =MATCH($Y41,R$38:R$53,0) -> 3
A42: 6 | B42: adj | C42: -0.19032603 | D42: 0.95 | E42: -0.23445278 | F42: -0.14629098 | G42: 0.19032603 | I42: 6 | J42: Tone | K42: 0.2313898 | L42: 0.95 | M42: 0.18169891 | N42: 0.28121175 | O42: 0.2313898 | Q42: 6 | R42: negate | S42: 0.19723041 | T42: 0.95 | U42: 0.14439826 | V42: 0.25030339 | W42: 0.19723041 | Y42: risk | Z42: =MATCH($Y42,B$38:B$50,0) -> 6 | AA42: =MATCH($Y42,J$38:J$50,0) -> 9 | AB42: =MATCH($Y42,R$38:R$53,0) -> 9
A43: 7 | B43: risk | C43: -0.18282086 | D43: 0.95 | E43: -0.22310287 | F43: -0.14261289 | G43: 0.18282086 | I43: 7 | J43: negate | K43: 0.2257912 | L43: 0.95 | M43: 0.17715511 | N43: 0.27479675 | O43: 0.2257912 | Q43: 7 | R43: Clout | S43: -0.18216439 | T43: 0.95 | U43: -0.23514876 | V43: -0.12913213 | W43: 0.18216439 | Y43: reward | Z43: =MATCH($Y43,B$38:B$50,0) -> 7 | AA43: =MATCH($Y43,J$38:J$50,0) -> #N/A | AB43: =MATCH($Y43,R$38:R$53,0) -> #N/A
A44: 8 | B44: reward | C44: 0.16486161 | D44: 0.95 | E44: 0.11569632 | F44: 0.21518733 | G44: 0.16486161 | I44: 8 | J44: adj | K44: -0.1910742 | L44: 0.95 | M44: -0.23333062 | N44: -0.14892843 | O44: 0.1910742 | Q44: 8 | R44: quantity | S44: 0.16518626 | T44: 0.95 | U44: 0.11495245 | V44: 0.2160521 | W44: 0.16518626 | Y44: cause | Z44: =MATCH($Y44,B$38:B$50,0) -> 8 | AA44: =MATCH($Y44,J$38:J$50,0) -> 2 | AB44: =MATCH($Y44,R$38:R$53,0) -> #N/A
A45: 9 | B45: cause | C45: 0.1348566 | D45: 0.95 | E45: 0.0911217 | F45: 0.17884474 | G45: 0.1348566 | I45: 9 | J45: tentat | K45: -0.1760216 | L45: 0.95 | M45: -0.21720415 | N45: -0.13492538 | O45: 0.1760216 | Q45: 9 | R45: assent | S45: -0.16202685 | T45: 0.95 | U45: -0.20402499 | V45: -0.1198905 | W45: 0.16202685 | Y45: differ | Z45: =MATCH($Y45,B$38:B$50,0) -> 9 | AA45: =MATCH($Y45,J$38:J$50,0) -> #N/A | AB45: =MATCH($Y45,R$38:R$53,0) -> #N/A
A46: 10 | B46: differ | C46: 0.11989161 | D46: 0.95 | E46: 0.06963055 | F46: 0.17035561 | G46: 0.11989161 | I46: 10 | J46: risk | K46: -0.1642053 | L46: 0.95 | M46: -0.20514558 | N46: -0.12352381 | O46: 0.1642053 | Q46: 10 | R46: risk | S46: -0.15994881 | T46: 0.95 | U46: -0.20588221 | V46: -0.11401225 | W46: 0.15994881 | Y46: prosocial | Z46: =MATCH($Y46,B$38:B$50,0) -> 10 | AA46: =MATCH($Y46,J$38:J$50,0) -> #N/A | AB46: =MATCH($Y46,R$38:R$53,0) -> 14
A47: 11 | B47: prosocial | C47: 0.11287547 | D47: 0.95 | E47: 0.06792824 | F47: 0.15841613 | G47: 0.11287547 | I47: 11 | J47: moral | K47: 0.1562581 | L47: 0.95 | M47: 0.11277754 | N47: 0.20024991 | O47: 0.1562581 | Q47: 11 | R47: Tone | S47: 0.13259075 | T47: 0.95 | U47: 0.066975141 | V47: 0.19873452 | W47: 0.13259075 | Y47: moral | Z47: =MATCH($Y47,B$38:B$50,0) -> 11 | AA47: =MATCH($Y47,J$38:J$50,0) -> 10 | AB47: =MATCH($Y47,R$38:R$53,0) -> 2
A48: 12 | B48: moral | C48: 0.10276315 | D48: 0.95 | E48: 0.05604632 | F48: 0.15017899 | G48: 0.10276315 | I48: 12 | J48: affiliation | K48: -0.155365 | L48: 0.95 | M48: -0.20827892 | N48: -0.10262589 | O48: 0.155365 | Q48: 12 | R48: allure | S48: -0.11908169 | T48: 0.95 | U48: -0.16485219 | V48: -0.07323136 | W48: 0.11908169 | Y48: Clout | Z48: =MATCH($Y48,B$38:B$50,0) -> 12 | AA48: =MATCH($Y48,J$38:J$50,0) -> 3 | AB48: =MATCH($Y48,R$38:R$53,0) -> 6
... A50: 14 | B50: power | C50: -0.04758498 | D50: 0.95 | E50: -0.09204633 | F50: -0.002913259 | G50: 0.04758498 | I50: 14 | J50: Authentic | K50: -0.1018685 | L50: 0.95 | M50: -0.14770423 | N50: -0.05602897 | O50: 0.1018685 | Q50: 14 | R50: tone_neg | S50: -0.07297059 | T50: 0.95 | U50: -0.13472723 | V50: -0.01095145 | W50: 0.07297059 | Y50: Tone | Z50: =MATCH($Y50,B$38:B$50,0) -> #N/A | AA50: =MATCH($Y50,J$38:J$50,0) -> 5 | AB50: =MATCH($Y50,R$38:R$53,0) -> 10
Q51: 15 | R51: prosocial | S51: 0.06552866 | T51: 0.95 | U51: -0.0002354587 | V51: 0.13174399 | W51: 0.06552866 | Y51: tentat | Z51: =MATCH($Y51,B$38:B$50,0) -> #N/A | AA51: =MATCH($Y51,J$38:J$50,0) -> 8 | AB51: =MATCH($Y51,R$38:R$53,0) -> #N/A
A52: AUC | B52: 0.7162 | I52: AUC | J52: 0.7074 | Q52: 16 | R52: ipron | S52: 0.05897882 | T52: 0.95 | U52: 0.0087102109 | V52: 0.10944484 | W52: 0.05897882 | Y52: affiliation | Z52: =MATCH($Y52,B$38:B$50,0) -> #N/A | AA52: =MATCH($Y52,J$38:J$50,0) -> 11 | AB52: =MATCH($Y52,R$38:R$53,0) -> 12
Q53: 17 | R53: LSM | S53: 0.0433207 | T53: 0.95 | U53: -0.0023120187 | V53: 0.0889687 | W53: 0.0433207 | Y53: quantity | Z53: =MATCH($Y53,B$38:B$50,0) -> #N/A | AA53: =MATCH($Y53,J$38:J$50,0) -> 12 | AB53: =MATCH($Y53,R$38:R$53,0) -> 7
Y54: Authentic | Z54: =MATCH($Y54,B$38:B$50,0) -> #N/A | AA54: =MATCH($Y54,J$38:J$50,0) -> 13 | AB54: =MATCH($Y54,R$38:R$53,0) -> #N/A
Q55: AUC | R55: 0.69 | Y55: insight | Z55: =MATCH($Y55,B$38:B$50,0) -> #N/A | AA55: =MATCH($Y55,J$38:J$50,0) -> #N/A | AB55: =MATCH($Y55,R$38:R$53,0) -> 4
Y56: allure | Z56: =MATCH($Y56,B$38:B$50,0) -> #N/A | AA56: =MATCH($Y56,J$38:J$50,0) -> #N/A | AB56: =MATCH($Y56,R$38:R$53,0) -> 11
Y57: tone_neg | Z57: =MATCH($Y57,B$38:B$50,0) -> #N/A | AA57: =MATCH($Y57,J$38:J$50,0) -> #N/A | AB57: =MATCH($Y57,R$38:R$53,0) -> 13
Y58: ipron | Z58: =MATCH($Y58,B$38:B$50,0) -> #N/A | AA58: =MATCH($Y58,J$38:J$50,0) -> #N/A | AB58: =MATCH($Y58,R$38:R$53,0) -> 15
Y59: LSM | Z59: =MATCH($Y59,B$38:B$50,0) -> #N/A | AA59: =MATCH($Y59,J$38:J$50,0) -> #N/A | AB59: =MATCH($Y59,R$38:R$53,0) -> 16
A61: ROUND 3 - OVERLAPPING VARIABLES FROM ROUND 1
A62: Claude | I62: GPT-4o | Q62: Deepseek-r1 | Z62: claude | AA62: GPT-4o | AB62: Deepseek-r1 | AC62: avg | AD62: rank
A63: Rank | B63: LIWC variable | C63: Std_Coeff | D63: CI | E63: CI_low | F63: CI_high | G63: abs_coef | I63: Rank | J63: LIWC variable | K63: Std_Coeff | L63: CI | M63: CI_low | N63: CI_high | O63: abs_coef | Q63: Rank | R63: LIWC variable | S63: Std_Coeff | T63: CI | U63: CI_low | V63: CI_high | W63: abs_coef | Y63: assent | Z63: =MATCH($Y63,B$64:B$76,0) -> 2 | AA63: =MATCH($Y63,J$64:J$76,0) -> 2 | AB63: =MATCH($Y63,R$64:R$76,0) -> 9 | AC63: =AVERAGE(Z63:AB63) -> 4.3333333 | AD63: 2
A64: 1 | B64: (Intercept) | C64: 0.97006132 | D64: 0.95 | E64: 0.92727053 | F64: 1.0132043 | G64: 0.97006132 | I64: 1 | J64: (Intercept) | K64: 0.49350873 | L64: 0.95 | M64: 0.4547296 | N64: 0.5324365 | O64: 0.49350873 | Q64: 1 | R64: (Intercept) | S64: 1.1942977 | T64: 0.95 | U64: 1.1495897 | V64: 1.2394791 | W64: 1.1942977 | Y64: Clout | Z64: =MATCH($Y64,B$64:B$76,0) -> 8 | AA64: =MATCH($Y64,J$64:J$76,0) -> 3 | AB64: =MATCH($Y64,R$64:R$76,0) -> 7 | AC64: =AVERAGE(Z64:AB64) -> 6 | AD64: 6
A65: 2 | B65: assent | C65: -0.54119139 | D65: 0.95 | E65: -0.58323869 | F65: -0.49960295 | G65: 0.54119139 | I65: 2 | J65: assent | K65: -0.35837465 | L65: 0.95 | M65: -0.3974847 | N65: -0.31952881 | O65: 0.35837465 | Q65: 2 | R65: we | S65: 0.34215021 | T65: 0.95 | U65: 0.27894997 | V65: 0.40675493 | W65: 0.34215021 | Y65: we | Z65: =MATCH($Y65,B$64:B$76,0) -> 3 | AA65: =MATCH($Y65,J$64:J$76,0) -> 4 | AB65: =MATCH($Y65,R$64:R$76,0) -> 2 | AC65: =AVERAGE(Z65:AB65) -> 3 | AD65: 1
A66: 3 | B66: we | C66: 0.4388297 | D66: 0.95 | E66: 0.37653968 | F66: 0.50200956 | G66: 0.4388297 | I66: 3 | J66: Clout | K66: -0.27782838 | L66: 0.95 | M66: -0.3332103 | N66: -0.22255131 | O66: 0.27782838 | Q66: 3 | R66: moral | S66: 0.31535667 | T66: 0.95 | U66: 0.2592364 | V66: 0.37244307 | W66: 0.31535667 | Y66: negate | Z66: =MATCH($Y66,B$64:B$76,0) -> 5 | AA66: =MATCH($Y66,J$64:J$76,0) -> 5 | AB66: =MATCH($Y66,R$64:R$76,0) -> 8 | AC66: =AVERAGE(Z66:AB66) -> 6 | AD66: 5
A67: 4 | B67: risk | C67: -0.18826683 | D67: 0.95 | E67: -0.22849626 | F67: -0.14809929 | G67: 0.18826683 | I67: 4 | J67: we | K67: 0.2762721 | L67: 0.95 | M67: 0.2274649 | N67: 0.32642708 | O67: 0.2762721 | Q67: 4 | R67: adj | S67: -0.21153099 | T67: 0.95 | U67: -0.25468393 | V67: -0.16845323 | W67: 0.21153099 | Y67: risk | Z67: =MATCH($Y67,B$64:B$76,0) -> 4 | AA67: =MATCH($Y67,J$64:J$76,0) -> 6 | AB67: =MATCH($Y67,R$64:R$76,0) -> 5 | AC67: =AVERAGE(Z67:AB67) -> 5 | AD67: 3
A68: 5 | B68: negate | C68: 0.1861814 | D68: 0.95 | E68: 0.13941824 | F68: 0.23326091 | G68: 0.1861814 | I68: 5 | J68: negate | K68: 0.2360865 | L68: 0.95 | M68: 0.1861136 | N68: 0.28644316 | O68: 0.2360865 | Q68: 5 | R68: risk | S68: -0.21005968 | T68: 0.95 | U68: -0.25180083 | V68: -0.1683248 | W68: 0.21005968 | Y68: moral | Z68: =MATCH($Y68,B$64:B$76,0) -> 7 | AA68: =MATCH($Y68,J$64:J$76,0) -> 7 | AB68: =MATCH($Y68,R$64:R$76,0) -> 3 | AC68: =AVERAGE(Z68:AB68) -> 5.6666667 | AD68: 4
A69: 6 | B69: adj | C69: -0.18187327 | D69: 0.95 | E69: -0.22540472 | F69: -0.13842564 | G69: 0.18187327 | I69: 6 | J69: risk | K69: -0.22621252 | L69: 0.95 | M69: -0.2658435 | N69: -0.18688264 | O69: 0.22621252 | Q69: 6 | R69: insight | S69: 0.19894631 | T69: 0.95 | U69: 0.14806344 | V69: 0.25030223 | W69: 0.19894631 | Y69: Tone | Z69: =MATCH($Y69,B$64:B$76,0) -> 11 | AA69: =MATCH($Y69,J$64:J$76,0) -> 8 | AB69: =MATCH($Y69,R$64:R$76,0) -> 10 | AC69: =AVERAGE(Z69:AB69) -> 9.6666667 | AD69: 9
A70: 7 | B70: moral | C70: 0.15604659 | D70: 0.95 | E70: 0.10740523 | F70: 0.20545847 | G70: 0.15604659 | I70: 7 | J70: moral | K70: 0.18551776 | L70: 0.95 | M70: 0.1411148 | N70: 0.23047164 | O70: 0.18551776 | Q70: 7 | R70: Clout | S70: -0.1981263 | T70: 0.95 | U70: -0.25317916 | V70: -0.14294706 | W70: 0.1981263 | Y70: adj | Z70: =MATCH($Y70,B$64:B$76,0) -> 6 | AA70: =MATCH($Y70,J$64:J$76,0) -> 9 | AB70: =MATCH($Y70,R$64:R$76,0) -> 4 | AC70: =AVERAGE(Z70:AB70) -> 6.3333333 | AD70: 7
A71: 8 | B71: Clout | C71: -0.15218326 | D71: 0.95 | E71: -0.20503024 | F71: -0.09926236 | G71: 0.15218326 | I71: 8 | J71: Tone | K71: 0.17889809 | L71: 0.95 | M71: 0.1293426 | N71: 0.22856285 | O71: 0.17889809 | Q71: 8 | R71: negate | S71: 0.19231875 | T71: 0.95 | U71: 0.14119806 | V71: 0.24371532 | W71: 0.19231875 | Y71: affiliation | Z71: =MATCH($Y71,B$64:B$76,0) -> 13 | AA71: =MATCH($Y71,J$64:J$76,0) -> 10 | AB71: =MATCH($Y71,R$64:R$76,0) -> 11 | AC71: =AVERAGE(Z71:AB71) -> 11.333333 | AD71: 10
A72: 9 | B72: prosocial | C72: 0.11845849 | D72: 0.95 | E72: 0.066777924 | F72: 0.17064368 | G72: 0.11845849 | I72: 9 | J72: adj | K72: -0.16526671 | L72: 0.95 | M72: -0.2056436 | N72: -0.12497685 | O72: 0.16526671 | Q72: 9 | R72: assent | S72: -0.1700012 | T72: 0.95 | U72: -0.210822 | V72: -0.12902763 | W72: 0.1700012 | Y72: differ | Z72: =MATCH($Y72,B$64:B$76,0) -> 12 | AA72: =MATCH($Y72,J$64:J$76,0) -> 11 | AB72: =MATCH($Y72,R$64:R$76,0) -> 13 | AC72: =AVERAGE(Z72:AB72) -> 12 | AD72: 12
A73: 10 | B73: insight | C73: -0.05472311 | D73: 0.95 | E73: -0.10145971 | F73: -0.00787868 | G73: 0.05472311 | I73: 10 | J73: affiliation | K73: -0.15799437 | L73: 0.95 | M73: -0.2224337 | N73: -0.0937403 | O73: 0.15799437 | Q73: 10 | R73: Tone | S73: 0.15840714 | T73: 0.95 | U73: 0.10740653 | V73: 0.20975707 | W73: 0.15840714 | Y73: insight | Z73: =MATCH($Y73,B$64:B$76,0) -> 10 | AA73: =MATCH($Y73,J$64:J$76,0) -> 12 | AB73: =MATCH($Y73,R$64:R$76,0) -> 6 | AC73: =AVERAGE(Z73:AB73) -> 9.3333333 | AD73: 8
A74: 11 | B74: Tone | C74: 0.0507165 | D74: 0.95 | E74: 0.004976313 | F74: 0.096535 | G74: 0.0507165 | I74: 11 | J74: differ | K74: -0.1406435 | L74: 0.95 | M74: -0.1900807 | N74: -0.09124049 | O74: 0.1406435 | Q74: 11 | R74: affiliation | S74: -0.11868514 | T74: 0.95 | U74: -0.18836474 | V74: -0.04864759 | W74: 0.11868514 | Y74: prosocial | Z74: =MATCH($Y74,B$64:B$76,0) -> 9 | AA74: =MATCH($Y74,J$64:J$76,0) -> 13 | AB74: =MATCH($Y74,R$64:R$76,0) -> 12 | AC74: =AVERAGE(Z74:AB74) -> 11.333333 | AD74: 11
A75: 12 | B75: differ | C75: 0.01520171 | D75: 0.95 | E75: -0.031954106 | F75: 0.06249082 | G75: 0.01520171 | I75: 12 | J75: insight | K75: -0.07603226 | L75: 0.95 | M75: -0.1199196 | N75: -0.03210265 | O75: 0.07603226 | Q75: 12 | R75: prosocial | S75: 0.03932221 | T75: 0.95 | U75: -0.02399408 | V75: 0.10309253 | W75: 0.03932221
A76: 13 | B76: affiliation | C76: 0.01261726 | D76: 0.95 | E76: -0.051126336 | F76: 0.07678591 | G76: 0.01261726 | I76: 13 | J76: prosocial | K76: -0.0484373 | L76: 0.95 | M76: -0.1107058 | N76: 0.01387273 | O76: 0.0484373 | Q76: 13 | R76: differ | S76: 0.03006068 | T76: 0.95 | U76: -0.0216973 | V76: 0.08197124 | W76: 0.03006068
A78: AUC | B78: 0.7051 | I78: AUC | J78: 0.6864 | Q78: AUC | R78: 0.6859
A81: ROUND 3 - OVERLAPPING VARIABLES FROM ROUND 2
A82: Claude | I82: GPT-4o | Q82: Deepseek-r1 | Z82: claude | AA82: GPT-4o | AB82: Deepseek-r1 | AC82: avg | AD82: rank
A83: Rank | B83: LIWC variable | C83: Std_Coeff | D83: CI | E83: CI_low | F83: CI_high | G83: abs_coef | I83: Rank | J83: LIWC variable | K83: Std_Coeff | L83: CI | M83: CI_low | N83: CI_high | O83: abs_coef | Q83: Rank | R83: LIWC variable | S83: Std_Coeff | T83: CI | U83: CI_low | V83: CI_high | W83: abs_coef | Y83: assent | Z83: =MATCH($Y83,B$85:B$91,0) -> 1 | AA83: =MATCH($Y83,J$85:J$91,0) -> 1 | AB83: =MATCH($Y83,R$85:R$91,0) -> 6 | AC83: =AVERAGE(Z83:AB83) -> 2.6666667 | AD83: 2
A84: 1 | B84: (Intercept) | C84: 0.9696238 | D84: 0.95 | E84: 0.9272614 | F84: 1.0123278 | G84: 0.9696238 | I84: 1 | J84: (Intercept) | K84: 0.48369838 | L84: 0.95 | M84: 0.4457204 | N84: 0.52181683 | O84: 0.48369838 | Q84: 1 | R84: (Intercept) | S84: 1.1821273 | T84: 0.95 | U84: 1.1381417 | V84: 1.2265611 | W84: 1.1821273 | Y84: Clout | Z84: =MATCH($Y84,B$85:B$91,0) -> 7 | AA84: =MATCH($Y84,J$85:J$91,0) -> 2 | AB84: =MATCH($Y84,R$85:R$91,0) -> 7 | AC84: =AVERAGE(Z84:AB84) -> 5.3333333 | AD84: 6
A85: 2 | B85: assent | C85: -0.5537957 | D85: 0.95 | E85: -0.5955852 | F85: -0.51247253 | G85: 0.5537957 | I85: 2 | J85: assent | K85: -0.3419321 | L85: 0.95 | M85: -0.3799364 | N85: -0.30417993 | O85: 0.3419321 | Q85: 2 | R85: moral | S85: 0.3510605 | T85: 0.95 | U85: 0.2987514 | V85: 0.4043249 | W85: 0.3510605 | Y85: we | Z85: =MATCH($Y85,B$85:B$91,0) -> 2 | AA85: =MATCH($Y85,J$85:J$91,0) -> 3 | AB85: =MATCH($Y85,R$85:R$91,0) -> 2 | AC85: =AVERAGE(Z85:AB85) -> 2.3333333 | AD85: 1
A86: 3 | B86: we | C86: 0.4111767 | D86: 0.95 | E86: 0.358082 | F86: 0.46539904 | G86: 0.4111767 | I86: 3 | J86: Clout | K86: -0.31185068 | L86: 0.95 | M86: -0.3551492 | N86: -0.26867608 | O86: 0.31185068 | Q86: 3 | R86: we | S86: 0.2911736 | T86: 0.95 | U86: 0.2339366 | V86: 0.3500543 | W86: 0.2911736 | Y86: negate | Z86: =MATCH($Y86,B$85:B$91,0) -> 4 | AA86: =MATCH($Y86,J$85:J$91,0) -> 5 | AB86: =MATCH($Y86,R$85:R$91,0) -> 4 | AC86: =AVERAGE(Z86:AB86) -> 4.3333333 | AD86: 4
A87: 4 | B87: risk | C87: -0.194774 | D87: 0.95 | E87: -0.2341755 | F87: -0.15543523 | G87: 0.194774 | I87: 4 | J87: we | K87: 0.2459048 | L87: 0.95 | M87: 0.1998488 | N87: 0.29337291 | O87: 0.2459048 | Q87: 4 | R87: risk | S87: -0.23885 | T87: 0.95 | U87: -0.2791829 | V87: -0.1985579 | W87: 0.23885 | Y87: risk | Z87: =MATCH($Y87,B$85:B$91,0) -> 3 | AA87: =MATCH($Y87,J$85:J$91,0) -> 4 | AB87: =MATCH($Y87,R$85:R$91,0) -> 3 | AC87: =AVERAGE(Z87:AB87) -> 3.3333333 | AD87: 3
A88: 5 | B88: negate | C88: 0.1864936 | D88: 0.95 | E88: 0.1405565 | F88: 0.23275606 | G88: 0.1864936 | I88: 5 | J88: risk | K88: -0.21541623 | L88: 0.95 | M88: -0.2539321 | N88: -0.17718635 | O88: 0.21541623 | Q88: 5 | R88: negate | S88: 0.2148248 | T88: 0.95 | U88: 0.1669501 | V88: 0.2629679 | W88: 0.2148248 | Y88: moral | Z88: =MATCH($Y88,B$85:B$91,0) -> 6 | AA88: =MATCH($Y88,J$85:J$91,0) -> 6 | AB88: =MATCH($Y88,R$85:R$91,0) -> 1 | AC88: =AVERAGE(Z88:AB88) -> 4.3333333 | AD88: 5
A89: 6 | B89: adj | C89: -0.1660181 | D89: 0.95 | E89: -0.2084609 | F89: -0.12366285 | G89: 0.1660181 | I89: 6 | J89: negate | K89: 0.20073175 | L89: 0.95 | M89: 0.1544887 | N89: 0.24730464 | O89: 0.20073175 | Q89: 6 | R89: adj | S89: -0.1901499 | T89: 0.95 | U89: -0.2323938 | V89: -0.1479663 | W89: 0.1901499 | Y89: adj | Z89: =MATCH($Y89,B$85:B$91,0) -> 5 | AA89: =MATCH($Y89,J$85:J$91,0) -> 7 | AB89: =MATCH($Y89,R$85:R$91,0) -> 5 | AC89: =AVERAGE(Z89:AB89) -> 5.6666667 | AD89: 7
A90: 7 | B90: moral | C90: 0.1478486 | D90: 0.95 | E90: 0.1027286 | F90: 0.19371858 | G90: 0.1478486 | I90: 7 | J90: moral | K90: 0.15989152 | L90: 0.95 | M90: 0.1191132 | N90: 0.20115172 | O90: 0.15989152 | Q90: 7 | R90: assent | S90: -0.1744026 | T90: 0.95 | U90: -0.2147747 | V90: -0.1339049 | W90: 0.1744026
A91: 8 | B91: Clout | C91: -0.1237123 | D91: 0.95 | E91: -0.1687334 | F91: -0.07863315 | G91: 0.1237123 | I91: 8 | J91: adj | K91: -0.08984294 | L91: 0.95 | M91: -0.1284564 | N91: -0.05127425 | O91: 0.08984294 | Q91: 8 | R91: Clout | S91: -0.1646774 | T91: 0.95 | U91: -0.2111024 | V91: -0.1181408 | W91: 0.1646774
A93: AUC | B93: 0.7003 | I93: AUC | J93: 0.6713 | Q93: AUC | R93: 0.6756
B95: =B78-B93 -> 0.0048 | J95: =J78-J93 -> 0.0151 | R95: =R78-R93 -> 0.0103

Sheet OLD Combined RF
A1: Claude | H1: GPT-4o | O1: Deepseek-r1
A2: Rank | B2: LIWC | C2: 0 | D2: 1 | E2: MeanDescreaseAccuracy | F2: MeanDecreaseGini | H2: Rank | I2: LIWC_Variable | J2: 0 | K2: 1 | L2: MeanDecreaseAccuracy | M2: MeanDecreaseGini | O2: Rank | P2: LIWC_Variable | Q2: 0 | R2: 1 | S2: MeanDecreaseAccuracy | T2: MeanDecreaseGini
A3: 3 | B3: we | C3: 19.487778 | D3: 16.868596 | E3: 24.99699 | F3: 69.481197
A4: 4 | B4: risk | C4: 17.771092 | D4: 16.41809 | E4: 21.421321 | F4: 49.900034 | H4: 1 | I4: moral | J4: 11.799732 | K4: 28.752235 | L4: 30.050329 | M4: 81.396878 | O4: 1 | P4: risk | Q4: 15.053129 | R4: 14.044525 | S4: 19.791486 | T4: 49.963934
A5: 5 | B5: assent_diff | C5: 10.830613 | D5: 18.094605 | E5: 17.9373 | F5: 59.203354 | H5: 2 | I5: negate | J5: 19.927707 | K5: 25.416977 | L5: 28.716764 | M5: 88.221788 | O5: 2 | P5: we | Q5: 12.323609 | R5: 13.699118 | S5: 17.928357 | T5: 39.433772
A6: 6 | B6: Tone | C6: 10.459716 | D6: 11.22093 | E6: 16.017536 | F6: 47.411507 | H6: 3 | I6: cause | J6: 21.517392 | K6: 17.782465 | L6: 25.539412 | M6: 81.849901 | O6: 3 | P6: negate | Q6: 15.126777 | R6: 9.2560062 | S6: 17.405656 | T6: 64.590625
A7: 7 | B7: tone_pos | C7: 9.3724097 | D7: 14.184523 | E7: 16.001478 | F7: 50.803528 | H7: 4 | I7: risk | J7: 16.860863 | K7: 18.858701 | L7: 22.857713 | M7: 52.619621 | O7: 4 | P7: LSM | Q7: 11.85917 | R7: 8.5924724 | S7: 14.325877 | T7: 44.067033
A8: 8 | B8: adj | C8: 11.795488 | D8: 9.7119931 | E8: 15.439122 | F8: 50.780521 | H8: 5 | I8: adj | J8: 15.885662 | K8: 17.095249 | L8: 22.604103 | M8: 54.157435 | O8: 5 | P8: moral | Q8: 6.397158 | R8: 12.345291 | S8: 13.093999 | T8: 26.957453
A9: 9 | B9: differ | C9: 13.695158 | D9: 7.4726719 | E9: 15.225813 | F9: 53.207356 | H9: 6 | I9: insight | J9: 5.3591239 | K9: 21.900161 | L9: 21.878341 | M9: 57.154785 | O9: 6 | P9: insight | Q9: 8.4409316 | R9: 9.2431188 | S9: 12.32753 | T9: 38.637949
A10: 10 | B10: affiliation | C10: 4.3854831 | D10: 13.797614 | E10: 14.025101 | F10: 37.804991 | H10: 7 | I10: assent | J10: 13.603254 | K10: 19.072019 | L10: 20.810803 | M10: 44.105615 | O10: 7 | P10: they | Q10: 5.1280617 | R10: 9.6348275 | S10: 10.392107 | T10: 28.604957
A11: 11 | B11: power | C11: 10.232762 | D11: 9.2418692 | E11: 13.550716 | F11: 38.584707 | H11: 8 | I11: they | J11: 14.895297 | K11: 12.361898 | L11: 17.719454 | M11: 41.864678 | O11: 8 | P11: affiliation | Q11: -0.11219446 | R11: 11.362627 | S11: 10.187017 | T11: 25.083941
A12: 12 | B12: moral | C12: 7.1060481 | D12: 12.243932 | E12: 13.538204 | F12: 29.90267 | H12: 9 | I12: Clout | J12: 4.6194007 | K12: 16.927212 | L12: 17.489931 | M12: 47.038759 | O12: 9 | P12: differ | Q12: 9.1712174 | R12: 3.8976014 | S12: 9.8456219 | T12: 32.405403
A13: 13 | B13: cause | C13: 12.383615 | D13: 6.76969 | E13: 13.384876 | F13: 52.016533 | H13: 10 | I13: we | J13: 15.127688 | K13: 12.447658 | L13: 17.308199 | M13: 33.934193 | O13: 10 | P13: quantity | Q13: 3.1026822 | R13: 9.6140939 | S13: 9.7420695 | T13: 34.818313
A14: 14 | B14: we_diff | C14: 11.587108 | D14: 6.4228518 | E14: 13.017553 | F14: 43.18752 | H14: 11 | I14: differ | J14: 15.031323 | K14: 8.3448293 | L14: 17.092538 | M14: 50.942954 | O14: 11 | P14: adj | Q14: 6.5251892 | R14: 6.9379804 | S14: 9.6849705 | T14: 42.135715
A15: 15 | B15: tentat | C15: 9.1242953 | D15: 6.8090133 | E15: 11.608205 | F15: 41.657235 | H15: 12 | I15: quantity | J15: 11.794478 | K15: 14.436724 | L15: 16.47538 | M15: 51.722696 | O15: 12 | P15: verb | Q15: 5.8899531 | R15: 6.4828257 | S15: 9.4163022 | T15: 31.392782
... A128: 128 | B128: want_diff | C128: -0.68796887 | D128: -1.4638867 | E128: -1.577518 | F128: 5.7253454 | H128: 125 | I128: filler | J128: 0 | K128: 0 | L128: 0 | M128: 0 | O128: 125 | P128: quantity_diff | Q128: -1.0202408 | R128: 0.27901737 | S128: -0.51922311 | T128: 24.751918
H129: 126 | I129: filler_diff | J129: 0 | K129: 0 | L129: 0 | M129: 0 | O129: 126 | P129: swear | Q129: -0.62801351 | R129: -0.44325378 | S129: -0.72145575 | T129: 0.27938707
H130: Showing 1 to 14 of 128 entries, 5 total columns | O130: 127 | P130: emo_anger | Q130: -0.70794307 | R130: -0.52339139 | S130: -0.96487967 | T130: 7.8125267
O131: 128 | P131: c_apology | Q131: 0.75024993 | R131: -1.7290602 | S131: -0.9971282 | T131: 1.2527508
O132: Showing 1 to 21 of 128 entries, 5 total columns

Sheet OLD Combined GLM
A1: ROUND 1 - TOP 20 VARIABLES MINUS HIGHLY CORRELATED ONES
A2: Claude | I2: GPT-4o | Q2: Deepseek-r1 | Z2: claude | AA2: GPT-4o | AB2: Deepseek-r1
A3: Rank | B3: LIWC variable | C3: Std_Coeff | D3: CI | E3: CI_low | F3: CI_high | G3: abs_coef | I3: Rank | J3: Parameter | K3: Std_Coefficient | L3: CI | M3: CI_low | N3: CI_high | O3: abs_coef | R3: Parameter | S3: Std_Coefficient | T3: CI | U3: CI_low | V3: CI_high | W3: abs_coef | Y3: assent | Z3: =MATCH($Y3,B$5:B$22,0) -> 1 | AA3: =MATCH($Y3,J$5:J$23,0) -> 1 | AB3: =MATCH($Y3,R$5:R$24,0) -> 5
A4: 1 | B4: (Intercept) | C4: 0.86888598 | D4: 0.95 | E4: 0.8206402 | F4: 0.9175543 | G4: 0.86888598
A5: 2 | B5: assent | C5: -0.86246043 | D5: 0.95 | E5: -0.92808258 | F5: -0.79774136 | G5: 0.86246043 | I5: 1 | J5: assent | K5: -0.66449653 | L5: 0.95 | M5: -0.72381069 | N5: -0.60572783 | O5: 0.66449653 | Q5: 1 | R5: (Intercept) | S5: 2.2686401 | T5: 0.95 | U5: 2.1185946 | V5: 2.4233374 | W5: 2.2686401
A6: 3 | B6: we | C6: 0.53386746 | D6: 0.95 | E6: 0.45926836 | F6: 0.60963078 | G6: 0.53386746 | I6: 2 | J6: (Intercept) | K6: 0.42560443 | L6: 0.95 | M6: 0.38114464 | N6: 0.4702381 | O6: 0.42560443 | Q6: 2 | R6: scenariofalse | S6: -1.5866793 | T6: 0.95 | U6: -1.7649027 | V6: -1.4118331 | W6: 1.5866793
A7: 4 | B7: assent_diff | C7: 0.52462525 | D7: 0.95 | E7: 0.46594108 | F7: 0.58390532 | G7: 0.52462525 | I7: 3 | J7: cause | K7: 0.36664057 | L7: 0.95 | M7: 0.31715533 | N7: 0.4165157 | O7: 0.36664057 | Q7: 3 | R7: scenarioethical | S7: -1.0813452 | T7: 0.95 | U7: -1.2696571 | V7: -0.89609574 | W7: 1.0813452
A8: 5 | B8: negate | C8: 0.23248674 | D8: 0.95 | E8: 0.17799827 | F8: 0.28736058 | G8: 0.23248674 | I8: 4 | J8: Clout | K8: -0.3359323 | L8: 0.95 | M8: -0.39984774 | N8: -0.27219142 | O8: 0.3359323 | Q8: 4 | R8: we | S8: 0.38880026 | T8: 0.95 | U8: 0.31203658 | V8: 0.46748934 | W8: 0.38880026
A9: 6 | B9: risk | C9: -0.18585542 | D9: 0.95 | E9: -0.23232279 | F9: -0.139556 | G9: 0.18585542 | I9: 5 | J9: assent_diff | K9: 0.32317706 | L9: 0.95 | M9: 0.26834381 | N9: 0.37824275 | O9: 0.32317706 | Q9: 5 | R9: assent | S9: -0.22488662 | T9: 0.95 | U9: -0.27392789 | V9: -0.17585179 | W9: 0.22488662
A10: 7 | B10: cause | C10: 0.18568079 | D10: 0.95 | E10: 0.13578807 | F10: 0.235915 | G10: 0.18568079 | I10: 6 | J10: we | K10: 0.23968717 | L10: 0.95 | M10: 0.18877209 | N10: 0.29201093 | O10: 0.23968717 | Q10: 6 | R10: adj | S10: -0.21068931 | T10: 0.95 | U10: -0.26151371 | V10: -0.1599825 | W10: 0.21068931
A11: 8 | B11: reward | C11: 0.18206836 | D11: 0.95 | E11: 0.1223988 | F11: 0.24325014 | G11: 0.18206836 | I11: 7 | J11: negate | K11: 0.23325423 | L11: 0.95 | M11: 0.17313071 | N11: 0.29381772 | O11: 0.23325423 | Q11: 7 | R11: risk | S11: -0.19442996 | T11: 0.95 | U11: -0.24655211 | V11: -0.1423756 | W11: 0.19442996
A12: 9 | B12: adj | C12: -0.17194133 | D12: 0.95 | E12: -0.22311512 | F12: -0.12086069 | G12: 0.17194133 | I12: 8 | J12: differ | K12: -0.19385517 | L12: 0.95 | M12: -0.25456374 | N12: -0.13327926 | O12: 0.19385517 | Q12: 8 | R12: allnone | S12: 0.17947598 | T12: 0.95 | U12: 0.12281416 | V12: 0.23683574 | W12: 0.17947598
A13: 10 | B13: we_diff | C13: -0.17159585 | D13: 0.95 | E13: -0.23121526 | F13: -0.11307317 | G13: 0.17159585 | I13: 9 | J13: tone_neg | K13: -0.17801301 | L13: 0.95 | M13: -0.23913256 | N13: -0.11710295 | O13: 0.17801301 | Q13: 9 | R13: moral | S13: 0.17731236 | T13: 0.95 | U13: 0.10836429 | V13: 0.24729196 | W13: 0.17731236
A14: 11 | B14: i_diff | C14: -0.16454807 | D14: 0.95 | E14: -0.21334807 | F14: -0.11627625 | G14: 0.16454807 | I14: 10 | J14: adj | K14: -0.15473429 | L14: 0.95 | M14: -0.20386236 | N14: -0.10569584 | O14: 0.15473429 | Q14: 10 | R14: LSM | S14: 0.15403372 | T14: 0.95 | U14: 0.10048878 | V14: 0.20765749 | W14: 0.15403372
A15: 12 | B15: Clout | C15: -0.1516141 | D15: 0.95 | E15: -0.21478749 | F15: -0.08835547 | G15: 0.1516141 | I15: 11 | J15: Authentic | K15: -0.1374715 | L15: 0.95 | M15: -0.20186209 | N15: -0.07307624 | O15: 0.1374715 | Q15: 11 | R15: affiliation | S15: -0.15169267 | T15: 0.95 | U15: -0.22087404 | V15: -0.08213196 | W15: 0.15169267
A16: 13 | B16: they | C16: 0.1269021 | D16: 0.95 | E16: 0.077040866 | F16: 0.17725666 | G16: 0.1269021 | I16: 12 | J16: moral | K16: 0.13408572 | L16: 0.95 | M16: 0.082127021 | N16: 0.18652167 | O16: 0.13408572 | Q16: 12 | R16: quantity | S16: 0.14658947 | T16: 0.95 | U16: 0.091687039 | V16: 0.20215279 | W16: 0.14658947
... A24: 21 | B24: tone_pos | C24: -0.02910326 | D24: 0.95 | E24: -0.084362685 | F24: 0.02628362 | G24: 0.02910326 | I24: 20 | J24: they | K24: 0.004575472 | L24: 0.95 | M24: -0.042376243 | N24: 0.0515599 | O24: 0.004575472 | Q24: 20 | R24: power | S24: -0.04428686 | T24: 0.95 | U24: -0.099065738 | V24: 0.01080006 | W24: 0.04428686
Q25: 21 | R25: tone_neg | S25: -0.04276141 | T25: 0.95 | U25: -0.1007398 | V25: 0.01540365 | W25: 0.04276141
Q26: 22 | R26: verb | S26: 0.02232827 | T26: 0.95 | U26: -0.039082172 | V26: 0.08387273 | W26: 0.02232827
A28: AUC | B28: 0.7513 | C28: 0.7158 | D28: =B28-C28 -> 0.0355 | I28: AUC | J28: 0.7324 | K28: 0.7082 | L28: =J28-K28 -> 0.0242 | Q28: AUC | R28: 0.7366
A32: ROUND 2 - ONLY SIGNIFICANT VARIABLES
A33: Claude | I33: GPT-4o | Q33: Deepseek-r1 | Z33: claude | AA33: GPT-4o | AB33: Deepseek-r1
B34: Parameter | C34: Std_Coefficient | D34: CI | E34: CI_low | F34: CI_high | G34: abs_coef | J34: Parameter | K34: Std_Coefficient | L34: CI | M34: CI_low | N34: CI_high | O34: abs_coef | R34: Parameter | S34: Std_Coefficient | T34: CI | U34: CI_low | V34: CI_high | W34: abs_coef | Y34: assent | Z34: =MATCH($Y34,B$36:B$52,0) -> 2 | AA34: =MATCH($Y34,J$36:J$52,0) -> 1 | AB34: =MATCH($Y34,R$36:R$50,0) -> 3
Y35: we | Z35: =MATCH($Y35,B$36:B$52,0) -> 3 | AA35: =MATCH($Y35,J$36:J$52,0) -> 7 | AB35: =MATCH($Y35,R$36:R$50,0) -> 2
A36: 1 | B36: (Intercept) | C36: 0.86819811 | D36: 0.95 | E36: 0.81997655 | F36: 0.91684136 | G36: 0.86819811 | I36: 1 | J36: assent | K36: -0.659288 | L36: 0.95 | M36: -0.71789476 | N36: -0.60121472 | O36: 0.659288 | Q36: 1 | R36: (Intercept) | S36: 1.1521745 | T36: 0.95 | U36: 1.1022107 | V36: 1.2027416 | W36: 1.1521745 | Y36: assent_diff | Z36: =MATCH($Y36,B$36:B$52,0) -> 4 | AA36: =MATCH($Y36,J$36:J$52,0) -> 5 | AB36: =MATCH($Y36,R$36:R$50,0) -> 9
A37: 2 | B37: assent | C37: -0.85421981 | D37: 0.95 | E37: -0.91925046 | F37: -0.7900855 | G37: 0.85421981 | I37: 2 | J37: (Intercept) | K37: 0.42990927 | L37: 0.95 | M37: 0.38549651 | N37: 0.47449784 | O37: 0.42990927 | Q37: 2 | R37: we | S37: 0.44655841 | T37: 0.95 | U37: 0.36863041 | V37: 0.5265297 | W37: 0.44655841 | Y37: negate | Z37: =MATCH($Y37,B$36:B$52,0) -> 5 | AA37: =MATCH($Y37,J$36:J$52,0) -> 6 | AB37: =MATCH($Y37,R$36:R$50,0) -> 6
A38: 3 | B38: we | C38: 0.56512833 | D38: 0.95 | E38: 0.49771116 | F38: 0.63392988 | G38: 0.56512833 | I38: 3 | J38: cause | K38: 0.36581511 | L38: 0.95 | M38: 0.3164243 | N38: 0.4155954 | O38: 0.36581511 | Q38: 3 | R38: assent | S38: -0.31581684 | T38: 0.95 | U38: -0.37726309 | V38: -0.25434409 | W38: 0.31581684 | Y38: risk | Z38: =MATCH($Y38,B$36:B$52,0) -> 6 | AA38: =MATCH($Y38,J$36:J$52,0) -> 12 | AB38: =MATCH($Y38,R$36:R$50,0) -> 10
A39: 4 | B39: assent_diff | C39: 0.52142467 | D39: 0.95 | E39: 0.46284299 | F39: 0.58060408 | G39: 0.52142467 | I39: 4 | J39: Clout | K39: -0.33420737 | L39: 0.95 | M39: -0.39435113 | N39: -0.27423518 | O39: 0.33420737 | Q39: 4 | R39: adj | S39: -0.27788377 | T39: 0.95 | U39: -0.32704832 | V39: -0.22888953 | W39: 0.27788377 | Y39: cause | Z39: =MATCH($Y39,B$36:B$52,0) -> 7 | AA39: =MATCH($Y39,J$36:J$52,0) -> 3 | AB39: =MATCH($Y39,R$36:R$50,0) -> #N/A
A40: 5 | B40: negate | C40: 0.2338308 | D40: 0.95 | E40: 0.17942834 | F40: 0.28861787 | G40: 0.2338308 | I40: 5 | J40: assent_diff | K40: 0.31998983 | L40: 0.95 | M40: 0.26532077 | N40: 0.37488184 | O40: 0.31998983 | Q40: 5 | R40: moral | S40: 0.26932344 | T40: 0.95 | U40: 0.20629363 | V40: 0.33339869 | W40: 0.26932344 | Y40: adj | Z40: =MATCH($Y40,B$36:B$52,0) -> 8 | AA40: =MATCH($Y40,J$36:J$52,0) -> 10 | AB40: =MATCH($Y40,R$36:R$50,0) -> 4
A41: 6 | B41: risk | C41: -0.19464607 | D41: 0.95 | E41: -0.24029106 | F41: -0.14916937 | G41: 0.19464607 | I41: 6 | J41: negate | K41: 0.24379207 | L41: 0.95 | M41: 0.18522669 | N41: 0.30281056 | O41: 0.24379207 | Q41: 6 | R41: negate | S41: 0.18234038 | T41: 0.95 | U41: 0.11970223 | V41: 0.24525919 | W41: 0.18234038 | Y41: we_diff | Z41: =MATCH($Y41,B$36:B$52,0) -> 9 | AA41: =MATCH($Y41,J$36:J$52,0) -> #N/A | AB41: =MATCH($Y41,R$36:R$50,0) -> 8
A42: 7 | B42: cause | C42: 0.18629509 | D42: 0.95 | E42: 0.13696401 | F42: 0.23597635 | G42: 0.18629509 | I42: 7 | J42: we | K42: 0.23739715 | L42: 0.95 | M42: 0.18658786 | N42: 0.28962076 | O42: 0.23739715 | Q42: 7 | R42: allnone | S42: 0.1658684 | T42: 0.95 | U42: 0.10910986 | V42: 0.22332776 | W42: 0.1658684 | Y42: reward | Z42: =MATCH($Y42,B$36:B$52,0) -> 10 | AA42: =MATCH($Y42,J$36:J$52,0) -> #N/A | AB42: =MATCH($Y42,R$36:R$50,0) -> #N/A
A43: 8 | B43: adj | C43: -0.17584104 | D43: 0.95 | E43: -0.22611454 | F43: -0.12567924 | G43: 0.17584104 | I43: 8 | J43: differ | K43: -0.19875422 | L43: 0.95 | M43: -0.25806951 | N43: -0.13957435 | O43: 0.19875422 | Q43: 8 | R43: we_diff | S43: -0.16447042 | T43: 0.95 | U43: -0.23075918 | V43: -0.10004246 | W43: 0.16447042 | Y43: i_diff | Z43: =MATCH($Y43,B$36:B$52,0) -> 11 | AA43: =MATCH($Y43,J$36:J$52,0) -> #N/A | AB43: =MATCH($Y43,R$36:R$50,0) -> #N/A
A44: 9 | B44: we_diff | C44: -0.17234592 | D44: 0.95 | E44: -0.23192244 | F44: -0.11387385 | G44: 0.17234592 | I44: 9 | J44: tone_neg | K44: -0.17288606 | L44: 0.95 | M44: -0.23351087 | N44: -0.11245691 | O44: 0.17288606 | Q44: 9 | R44: assent_diff | S44: 0.15584627 | T44: 0.95 | U44: 0.097016159 | V44: 0.2143709 | W44: 0.15584627 | Y44: Clout | Z44: =MATCH($Y44,B$36:B$52,0) -> 12 | AA44: =MATCH($Y44,J$36:J$52,0) -> 4 | AB44: =MATCH($Y44,R$36:R$50,0) -> 12
A45: 10 | B45: reward | C45: 0.16673206 | D45: 0.95 | E45: 0.11289129 | F45: 0.22205008 | G45: 0.16673206 | I45: 10 | J45: adj | K45: -0.15619075 | L45: 0.95 | M45: -0.20505599 | N45: -0.10741794 | O45: 0.15619075 | Q45: 10 | R45: risk | S45: -0.14529659 | T45: 0.95 | U45: -0.19612361 | V45: -0.09445161 | W45: 0.14529659 | Y45: they | Z45: =MATCH($Y45,B$36:B$52,0) -> 13 | AA45: =MATCH($Y45,J$36:J$52,0) -> #N/A | AB45: =MATCH($Y45,R$36:R$50,0) -> #N/A
A46: 11 | B46: i_diff | C46: -0.1654127 | D46: 0.95 | E46: -0.214151 | F46: -0.11720893 | G46: 0.1654127 | I46: 11 | J46: moral | K46: 0.13840864 | L46: 0.95 | M46: 0.087209684 | N46: 0.19010648 | O46: 0.13840864 | Q46: 11 | R46: insight | S46: 0.1423311 | T46: 0.95 | U46: 0.085108441 | V46: 0.20002944 | W46: 0.1423311 | Y46: verb | Z46: =MATCH($Y46,B$36:B$52,0) -> 14 | AA46: =MATCH($Y46,J$36:J$52,0) -> #N/A | AB46: =MATCH($Y46,R$36:R$50,0) -> #N/A
A47: 12 | B47: Clout | C47: -0.13515399 | D47: 0.95 | E47: -0.19334554 | F47: -0.07688074 | G47: 0.13515399 | I47: 12 | J47: risk | K47: -0.1341908 | L47: 0.95 | M47: -0.18292473 | N47: -0.08582609 | O47: 0.1341908 | Q47: 12 | R47: Clout | S47: -0.1350176 | T47: 0.95 | U47: -0.19923315 | V47: -0.070611316 | W47: 0.1350176 | Y47: moral | Z47: =MATCH($Y47,B$36:B$52,0) -> 15 | AA47: =MATCH($Y47,J$36:J$52,0) -> 11 | AB47: =MATCH($Y47,R$36:R$50,0) -> 5
... A52: 17 | B52: differ | C52: 0.05635117 | D52: 0.95 | E52: 0.001457143 | F52: 0.11139549 | G52: 0.05635117 | I52: 17 | J52: Tone | K52: 0.06781259 | L52: 0.95 | M52: -0.001715324 | N52: 0.13741992 | O52: 0.06781259 | Q52: 17 | R52: ipron | S52: 0.07648695 | T52: 0.95 | U52: 0.020389601 | V52: 0.13282348 | W52: 0.07648695 | Y52: quantity | Z52: =MATCH($Y52,B$36:B$52,0) -> #N/A | AA52: =MATCH($Y52,J$36:J$52,0) -> 15 | AB52: =MATCH($Y52,R$36:R$50,0) -> 14
Q53: 18 | R53: verb | S53: -0.06836428 | T53: 0.95 | U53: -0.12755569 | V53: -0.009103511 | W53: 0.06836428 | Y53: discrep | Z53: =MATCH($Y53,B$36:B$52,0) -> #N/A | AA53: =MATCH($Y53,J$36:J$52,0) -> 16 | AB53: =MATCH($Y53,R$36:R$50,0) -> #N/A
A54: AUC | B54: 0.7508 | I54: AUC | J54: 0.732 | Q54: 19 | R54: LSM | S54: 0.05527446 | T54: 0.95 | U54: 0.001903804 | V54: 0.10865162 | W54: 0.05527446 | Y54: Tone | Z54: =MATCH($Y54,B$36:B$52,0) -> #N/A | AA54: =MATCH($Y54,J$36:J$52,0) -> 17 | AB54: =MATCH($Y54,R$36:R$50,0) -> #N/A
Y55: allnone | Z55: =MATCH($Y55,B$36:B$52,0) -> #N/A | AA55: =MATCH($Y55,J$36:J$52,0) -> #N/A | AB55: =MATCH($Y55,R$36:R$50,0) -> 7
Q56: AUC | R56: 0.7016 | Y56: affiliation | Z56: =MATCH($Y56,B$36:B$52,0) -> #N/A | AA56: =MATCH($Y56,J$36:J$52,0) -> #N/A | AB56: =MATCH($Y56,R$36:R$50,0) -> #N/A
A58: ROUND 3 - OVERLAPPING VARIABLES FROM ROUND 2
A59: Claude | I59: GPT-4o | Q59: Deepseek-r1 | Z59: claude | AA59: GPT-4o | AB59: Deepseek-r1 | AC59: avg | AD59: rank
A60: (only absolute values) | I60: (only absolute values) | Q60: (only absolute values)
A61: AUC | B61: ='OLD State GLM'!B93 -> 0.7003 | I61: AUC | J61: ='OLD State GLM'!J93 -> 0.6713 | Q61: AUC | R61: ='OLD State GLM'!R93 -> 0.6756
B63: Parameter | C63: Std_Coefficient | D63: CI | E63: CI_low | F63: CI_high | G63: abs_coef | J63: Parameter | K63: Std_Coefficient | L63: CI | M63: CI_low | N63: CI_high | O63: abs_coef | R63: Parameter | S63: Std_Coefficient | T63: CI | U63: CI_low | V63: CI_high | W63: abs_coef
A65: 1 | B65: assent | C65: -0.907111 | D65: 0.95 | E65: -0.97099136 | F65: -0.84416691 | G65: 0.907111 | I65: 1 | J65: assent | K65: -0.6209226 | L65: 0.95 | M65: -0.67676996 | N65: -0.56557869 | O65: 0.6209226 | Q65: 1 | R65: (Intercept) | S65: 1.1313846 | T65: 0.95 | U65: 1.0823901 | V65: 1.1809327 | W65: 1.1313846
A66: 2 | B66: (Intercept) | C66: 0.8409923 | D66: 0.95 | E66: 0.79381621 | F66: 0.88854551 | G66: 0.8409923 | I66: 2 | J66: (Intercept) | K66: 0.400125 | L66: 0.95 | M66: 0.35742295 | N66: 0.44296957 | O66: 0.400125 | Q66: 2 | R66: we | S66: 0.3598187 | T66: 0.95 | U66: 0.2945613 | V66: 0.426844 | W66: 0.3598187
A67: 3 | B67: assent_diff | C67: 0.5429184 | D67: 0.95 | E67: 0.4849623 | F67: 0.60146524 | G67: 0.5429184 | I67: 3 | J67: Clout | K67: -0.3428459 | L67: 0.95 | M67: -0.392621 | N67: -0.29326015 | O67: 0.3428459 | Q67: 3 | R67: assent | S67: -0.2759228 | T67: 0.95 | U67: -0.3342595 | V67: -0.2174725 | W67: 0.2759228
A68: 4 | B68: we | C68: 0.471028 | D68: 0.95 | E68: 0.41149903 | F68: 0.53179423 | G68: 0.471028 | I68: 4 | J68: assent_diff | K68: 0.310764 | L68: 0.95 | M68: 0.25793759 | N68: 0.36384686 | O68: 0.310764 | Q68: 4 | R68: negate | S68: 0.2740351 | T68: 0.95 | U68: 0.2204435 | V68: 0.3280126 | W68: 0.2740351
A69: 5 | B69: negate | C69: 0.2021928 | D69: 0.95 | E69: 0.15121678 | F69: 0.25354596 | G69: 0.2021928 | I69: 5 | J69: we | K69: 0.2508455 | L69: 0.95 | M69: 0.20115029 | N69: 0.30198423 | O69: 0.2508455 | Q69: 5 | R69: moral | S69: 0.2688118 | T69: 0.95 | U69: 0.2126523 | V69: 0.3259823 | W69: 0.2688118
A70: 6 | B70: risk | C70: -0.1922984 | D70: 0.95 | E70: -0.23711772 | F70: -0.14764843 | G70: 0.1922984 | I70: 6 | J70: risk | K70: -0.203973 | L70: 0.95 | M70: -0.24805389 | N70: -0.16027664 | O70: 0.203973 | Q70: 6 | R70: adj | S70: -0.2512102 | T70: 0.95 | U70: -0.2982553 | V70: -0.2043121 | W70: 0.2512102
A71: 7 | B71: adj | C71: -0.1854992 | D71: 0.95 | E71: -0.23312044 | F71: -0.13800188 | G71: 0.1854992 | I71: 7 | J71: negate | K71: 0.184352 | L71: 0.95 | M71: 0.13171128 | N71: 0.23735093 | O71: 0.184352 | Q71: 7 | R71: risk | S71: -0.217663 | T71: 0.95 | U71: -0.2623627 | V71: -0.172988 | W71: 0.217663
A72: 8 | B72: Clout | C72: -0.1468253 | D72: 0.95 | E72: -0.19770226 | F72: -0.09591253 | G72: 0.1468253 | I72: 8 | J72: moral | K72: 0.1250913 | L72: 0.95 | M72: 0.07964741 | N72: 0.17102465 | O72: 0.1250913 | Q72: 8 | R72: assent_diff | S72: 0.1658789 | T72: 0.95 | U72: 0.1078669 | V72: 0.2235897 | W72: 0.1658789
A73: 9 | B73: moral | C73: 0.1147548 | D73: 0.95 | E73: 0.06544481 | F73: 0.16479939 | G73: 0.1147548 | I73: 9 | J73: adj | K73: -0.1015488 | L73: 0.95 | M73: -0.14533337 | N73: -0.05782798 | O73: 0.1015488 | Q73: 9 | R73: Clout | S73: -0.1556038 | T73: 0.95 | U73: -0.2077122 | V73: -0.1033588 | W73: 0.1556038
A74: AUC | B74: 0.734 | C74: =B74-B61 -> 0.0337 | I74: AUC | J74: 0.6962 | K74: =J74-J61 -> 0.0249 | Q74: AUC | R74: 0.6897 | S74: =R74-R61 -> 0.0141
A76: (add we_diff) | I76: (add we_diff) | Q76: (add we_diff)
B77: Parameter | C77: Std_Coefficient | D77: CI | E77: CI_low | F77: CI_high | G77: abs_coef | J77: Parameter | K77: Std_Coefficient | L77: CI | M77: CI_low | N77: CI_high | O77: abs_coef | R77: Parameter | S77: Std_Coefficient | T77: CI | U77: CI_low | V77: CI_high | W77: abs_coef
A79: 1 | B79: assent | C79: -0.9070736 | D79: 0.95 | E79: -0.97114905 | F79: -0.84392496 | G79: 0.9070736 | I79: 1 | J79: assent | K79: -0.62040669 | L79: 0.95 | M79: -0.67628864 | N79: -0.56502872 | O79: 0.62040669 | Q79: 1 | R79: (Intercept) | S79: 1.1379408 | T79: 0.95 | U79: 1.0886203 | V79: 1.1878402 | W79: 1.1379408
A80: 2 | B80: (Intercept) | C80: 0.8454374 | D80: 0.95 | E80: 0.79809238 | F80: 0.89316757 | G80: 0.8454374 | I80: 2 | J80: (Intercept) | K80: 0.4013068 | L80: 0.95 | M80: 0.35855739 | N80: 0.4442011 | O80: 0.4013068 | Q80: 2 | R80: we | S80: 0.4421263 | T80: 0.95 | U80: 0.3677137 | V80: 0.51872785 | W80: 0.4421263
A81: 3 | B81: we | C81: 0.5483733 | D81: 0.95 | E81: 0.48255417 | F81: 0.6155574 | G81: 0.5483733 | I81: 3 | J81: Clout | K81: -0.34062111 | L81: 0.95 | M81: -0.390423 | N81: -0.29100722 | O81: 0.34062111 | Q81: 3 | R81: assent | S81: -0.2854233 | T81: 0.95 | U81: -0.3440595 | V81: -0.2266942 | W81: 0.2854233
A82: 4 | B82: assent_diff | C82: 0.5474578 | D82: 0.95 | E82: 0.48931635 | F82: 0.60619407 | G82: 0.5474578 | I82: 4 | J82: assent_diff | K82: 0.31083985 | L82: 0.95 | M82: 0.25802279 | N82: 0.36390987 | O82: 0.31083985 | Q82: 4 | R82: negate | S82: 0.2694222 | T82: 0.95 | U82: 0.2158034 | V82: 0.3234248 | W82: 0.2694222
A83: 5 | B83: negate | C83: 0.2050189 | D83: 0.95 | E83: 0.15396055 | F83: 0.25645805 | G83: 0.2050189 | I83: 5 | J83: we | K83: 0.28072211 | L83: 0.95 | M83: 0.22752598 | N83: 0.3354521 | O83: 0.28072211 | Q83: 5 | R83: moral | S83: 0.2521228 | T83: 0.95 | U83: 0.1956064 | V83: 0.30963527 | W83: 0.2521228
A84: 6 | B84: risk | C84: -0.1889355 | D84: 0.95 | E84: -0.23389885 | F84: -0.14413219 | G84: 0.1889355 | I84: 6 | J84: risk | K84: -0.20214382 | L84: 0.95 | M84: -0.2462923 | N84: -0.1583817 | O84: 0.20214382 | Q84: 6 | R84: adj | S84: -0.2502034 | T84: 0.95 | U84: -0.297275 | V84: -0.20327858 | W84: 0.2502034
A85: 7 | B85: adj | C85: -0.1822606 | D85: 0.95 | E85: -0.22996226 | F85: -0.13468131 | G85: 0.1822606 | I85: 7 | J85: negate | K85: 0.18315297 | L85: 0.95 | M85: 0.13048389 | N85: 0.2361812 | O85: 0.18315297 | Q85: 7 | R85: risk | S85: -0.2120806 | T85: 0.95 | U85: -0.2568188 | V85: -0.16736491 | W85: 0.2120806
A86: 8 | B86: we_diff | C86: -0.1715243 | D86: 0.95 | E86: -0.23089005 | F86: -0.11323504 | G86: 0.1715243 | I86: 8 | J86: moral | K86: 0.12315825 | L86: 0.95 | M86: 0.07765634 | N86: 0.16914529 | O86: 0.12315825 | Q86: 8 | R86: assent_diff | S86: 0.1745169 | T86: 0.95 | U86: 0.1162871 | V86: 0.2324629 | W86: 0.1745169
A87: 9 | B87: Clout | C87: -0.1388851 | D87: 0.95 | E87: -0.18998998 | F87: -0.08773133 | G87: 0.1388851 | I87: 9 | J87: adj | K87: -0.10192517 | L87: 0.95 | M87: -0.14571723 | N87: -0.05819686 | O87: 0.10192517 | Q87: 9 | R87: we_diff | S87: -0.1604134 | T87: 0.95 | U87: -0.2260464 | V87: -0.09664614 | W87: 0.1604134
A88: 10 | B88: moral | C88: 0.106404 | D88: 0.95 | E88: 0.05681888 | F88: 0.156699 | G88: 0.106404 | I88: 10 | J88: we_diff | K88: -0.08683986 | L88: 0.95 | M88: -0.13916484 | N88: -0.03583982 | O88: 0.08683986 | Q88: 10 | R88: Clout | S88: -0.1509262 | T88: 0.95 | U88: -0.2031215 | V88: -0.09859227 | W88: 0.1509262
A89: AUC | B89: 0.7367 | I89: AUC | J89: 0.6976 | Q89: AUC | R89: 0.6931
A91: (add insight and differ) | I91: (add insight and differ) | Q91: (add insight and differ)
B92: Parameter | C92: Std_Coefficient | D92: CI | E92: CI_low | F92: CI_high | G92: abs_coef | J92: Parameter | K92: Std_Coefficient | L92: CI | M92: CI_low | N92: CI_high | O92: abs_coef | R92: Parameter | S92: Std_Coefficient | T92: CI | U92: CI_low | V92: CI_high | W92: abs_coef
A94: 1 | B94: assent | C94: -0.91076829 | D94: 0.95 | E94: -0.97504279 | F94: -0.84742122 | G94: 0.91076829 | I94: 1 | J94: assent | K94: -0.6232891 | L94: 0.95 | M94: -0.6796472 | N94: -0.56744118 | O94: 0.6232891 | Q94: 1 | R94: (Intercept) | S94: 1.1398397 | T94: 0.95 | U94: 1.0904632 | V94: 1.189795 | W94: 1.1398397
A95: 2 | B95: (Intercept) | C95: 0.84816956 | D95: 0.95 | E95: 0.80071443 | F95: 0.89601548 | G95: 0.84816956 | I95: 2 | J95: (Intercept) | K95: 0.40317941 | L95: 0.95 | M95: 0.3602894 | N95: 0.44621706 | O95: 0.40317941 | Q95: 2 | R95: we | S95: 0.42867704 | T95: 0.95 | U95: 0.35430211 | V95: 0.5052306 | W95: 0.42867704
A96: 3 | B96: we | C96: 0.56707634 | D96: 0.95 | E96: 0.50014508 | F96: 0.63541771 | G96: 0.56707634 | I96: 3 | J96: Clout | K96: -0.38207221 | L96: 0.95 | M96: -0.438492 | N96: -0.32585845 | O96: 0.38207221 | Q96: 3 | R96: assent | S96: -0.28200457 | T96: 0.95 | U96: -0.34071924 | V96: -0.22319027 | W96: 0.28200457
A97: 4 | B97: assent_diff | C97: 0.54668042 | D97: 0.95 | E97: 0.48844288 | F97: 0.60551639 | G97: 0.54668042 | I97: 4 | J97: assent_diff | K97: 0.31636584 | L97: 0.95 | M97: 0.2632927 | N97: 0.36970664 | O97: 0.31636584 | Q97: 4 | R97: adj | S97: -0.26089952 | T97: 0.95 | U97: -0.308611 | V97: -0.21334435 | W97: 0.26089952
A98: 5 | B98: negate | C98: 0.20540228 | D98: 0.95 | E98: 0.15376687 | F98: 0.25741448 | G98: 0.20540228 | I98: 5 | J98: we | K98: 0.29378819 | L98: 0.95 | M98: 0.2401661 | N98: 0.34896588 | O98: 0.29378819 | Q98: 5 | R98: negate | S98: 0.24424988 | T98: 0.95 | U98: 0.18885056 | V98: 0.30002313 | W98: 0.24424988
A99: 6 | B99: risk | C99: -0.19360991 | D99: 0.95 | E99: -0.23878369 | F99: -0.14860906 | G99: 0.19360991 | I99: 6 | J99: negate | K99: 0.2395772 | L99: 0.95 | M99: 0.1833224 | N99: 0.2962704 | O99: 0.2395772 | Q99: 6 | R99: moral | S99: 0.2193354 | T99: 0.95 | U99: 0.16161331 | V99: 0.27807187 | W99: 0.2193354
A100: 7 | B100: adj | C100: -0.17567891 | D100: 0.95 | E100: -0.22393713 | F100: -0.1275312 | G100: 0.17567891 | I100: 7 | J100: risk | K100: -0.21178592 | L100: 0.95 | M100: -0.2562462 | N100: -0.16773931 | O100: 0.21178592 | Q100: 7 | R100: risk | S100: -0.20895745 | T100: 0.95 | U100: -0.2537356 | V100: -0.16418723 | W100: 0.20895745
A101: 8 | B101: we_diff | C101: -0.17273744 | D101: 0.95 | E101: -0.23212115 | F101: -0.1144255 | G101: 0.17273744 | I101: 8 | J101: differ | K101: -0.15079314 | L101: 0.95 | M101: -0.2062181 | N101: -0.0954239 | O101: 0.15079314 | Q101: 8 | R101: assent_diff | S101: 0.16834199 | T101: 0.95 | U101: 0.11001421 | V101: 0.22636356 | W101: 0.16834199
A102: 9 | B102: moral | C102: 0.14567191 | D102: 0.95 | E102: 0.09285425 | F102: 0.19927297 | G102: 0.14567191 | I102: 9 | J102: moral | K102: 0.14965823 | L102: 0.95 | M102: 0.1020005 | N102: 0.19785516 | O102: 0.14965823 | Q102: 9 | R102: Clout | S102: -0.1673819 | T102: 0.95 | U102: -0.22453131 | V102: -0.11005828 | W102: 0.1673819
A103: 10 | B103: Clout | C103: -0.12346592 | D103: 0.95 | E103: -0.17777348 | F103: -0.06905179 | G103: 0.12346592 | I103: 10 | J103: insight | K103: -0.10057494 | L103: 0.95 | M103: -0.1483397 | N103: -0.05280428 | O103: 0.10057494 | Q103: 10 | R103: we_diff | S103: -0.16006492 | T103: 0.95 | U103: -0.22577729 | V103: -0.0962186 | W103: 0.16006492
A104: 11 | B104: insight | C104: -0.11987723 | D104: 0.95 | E104: -0.17196825 | F104: -0.06774015 | G104: 0.11987723 | I104: 11 | J104: we_diff | K104: -0.08605686 | L104: 0.95 | M104: -0.1382796 | N104: -0.0351589 | O104: 0.08605686 | Q104: 11 | R104: insight | S104: 0.1128914 | T104: 0.95 | U104: 0.05836059 | V104: 0.16784283 | W104: 0.1128914
A105: 12 | B105: differ | C105: 0.02054965 | D105: 0.95 | E105: -0.03095217 | F105: 0.07218786 | G105: 0.02054965 | I105: 12 | J105: adj | K105: -0.08259191 | L105: 0.95 | M105: -0.1269987 | N105: -0.03823532 | O105: 0.08259191 | Q105: 12 | R105: differ | S105: 0.03178284 | T105: 0.95 | U105: -0.02310157 | V105: 0.08683288 | W105: 0.03178284
A106: AUC | B106: 0.7381 | I106: AUC | J106: 0.7041 | Q106: AUC | R106: 0.6949
A107: Diff | B107: =B106-B74 -> 0.0041 | I107: Diff | J107: =J106-J74 -> 0.0079 | Q107: Diff | R107: =R106-R74 -> 0.0052
